Filial,Vendedor,Ticket_Medio
Salvador,Juliana Huon,26500.0
São Paulo,Jorge Carvalho,26500.0
São Paulo,Lucas Aragão,26500.0
São Paulo,Pedro Rodrigues,26500.0
Recife,Sthefeson Pereira,26500.0
São Paulo,Bruna Silva,26500.0
São Paulo,Amanda Machado,26500.0
São Paulo,Aline Andrade,26500.0
São Paulo,Lucas Monte,26500.0
São Paulo,André Alves,26500.0
São Paulo,Luiz Mendonça,26500.0
São Paulo,Guilherme Lima,26500.0
São Paulo,Guido Monteiro,26500.0
São Paulo,Thainá Binello,26500.0
São Paulo,Bianca Paz,26500.0
São Paulo,Bruno Barcessat,26500.0
São Paulo,Ana Silva,26500.0
São Paulo,Clarissa Santos,26500.0
Recife,Daniel Monteiro,26500.0
Recife,Matheus Silva,26500.0
Recife,Mariane Racy,26500.0
Recife,Nathalia Ventura,26500.0
Recife,Wilson Miranda,26500.0
Rio de Janeiro,Ana Silva,26500.0
Rio de Janeiro,José Marques,26500.0
Rio de Janeiro,Gabrielle Wanderley,26500.0
Rio de Janeiro,Gabriel Azevedo,26500.0
Rio de Janeiro,Isabella Scalabrin,26500.0
Rio de Janeiro,Gabriel Pereira,26500.0
Rio de Janeiro,José Vieira,26500.0
Rio de Janeiro,Marina Mesquita,26500.0
Rio de Janeiro,Marina Aragão,26500.0
Rio de Janeiro,Daniela Pereira,26500.0
Rio de Janeiro,Carolina Siqueira,26500.0
Rio de Janeiro,Gabriel Puntel,26500.0
Recife,Jeferson Sone,26500.0
Recife,Clarissa Santos,26500.0
Recife,Giulia Lopes,26500.0
Recife,Joao Pereira,26500.0
Recife,Brenno Santos,26500.0
Recife,Marina Perdomo,26500.0
Curitiba,Roberto Mattos,26500.0
Curitiba,Marcos Nucci,26500.0
Curitiba,Willian Albino,26500.0
Curitiba,Pedro Ayres,26500.0
Curitiba,Catarina Teixeira,26500.0
Curitiba,Bárbara Lima,26500.0
Curitiba,Roberta Pimenta,26500.0
Fortaleza,Caio Moraes,26500.0
Fortaleza,Lucas Monte,26500.0
Fortaleza,Thiago Veiga,26500.0
Fortaleza,Raísa Berto,26500.0
Fortaleza,Thomaz Ferreira,26500.0
Fortaleza,Maria Correa,26500.0
Fortaleza,Rafael Guimarães,26500.0
Fortaleza,Sandy Figueiredo,26500.0
Fortaleza,Anderson Barreto,26500.0
Fortaleza,Renan Freire,26500.0
Fortaleza,Adriane Gomes,26500.0
Fortaleza,Stefan Santos,26500.0
Belo Horizonte,Pedro Oliveira,26500.0
Belo Horizonte,Marina Miranda,26500.0
Belo Horizonte,Caio Vianna,26500.0
Belo Horizonte,Larissa Vasconcellos,26500.0
Belo Horizonte,Andressa Nóbrega,26500.0
Belo Horizonte,Raphael Rezende,26500.0
Belo Horizonte,Ana Carvalho,26500.0
Belo Horizonte,Isabella Scalabrin,26500.0
Belo Horizonte,Bernard Pedrosa,26500.0
Curitiba,Débora Lopes,26500.0
Curitiba,Gabriel Rubim,26500.0
Recife,Samara Pinto,26500.0
Recife,Raíssa Oliveira,26500.0
Recife,Caroline Pinto,26500.0
Recife,Letícia Leal,26500.0
Goiás,Guilherme Monteiro,26500.0
Goiás,Rojane Lima,26500.0
Goiás,Desirée Heimlich,26500.0
Goiás,Patrícia Amaral,26500.0
Goiás,Anízio Carvalho,26500.0
Goiás,Larissa Vasconcellos,26500.0
Recife,Bernard Pedrosa,26500.0
Goiás,Carolina Rachide,26500.0
Goiás,Lívia Marques,26500.0
São Paulo,Gustavo Thome,26500.0
Goiás,Manuela Ferreira,26500.0
Goiás,Daniela Andrada,26500.0
Goiás,Kimberly Sad,26500.0
Salvador,Fernanda Figueiredo,26500.0
Salvador,Hiaiune Valim,26500.0
Salvador,Victor Magalhães,26500.0
Salvador,Cícero Lima,26500.0
Salvador,Eduardo Peluzo,26500.0
Salvador,Andressa Chou,26500.0
Salvador,Priscila Carvalho,26500.0
Salvador,Isabel Mesquita,26500.0
Porto Alegre,João Junior,26500.0
Porto Alegre,Bruno Temporal,26500.0
Porto Alegre,Pedro Pereira,26500.0
Porto Alegre,Marcelo Rosa,26500.0
Porto Alegre,Lucas Lemos,26500.0
Salvador,Bernardo Nauenberg,26500.0
Porto Alegre,Bruna Franco,26500.0
Salvador,Caio Caldas,26500.0
Salvador,Gabriela Mello,26500.0
Goiás,Thais Rodrigues,23850.0
Goiás,Rafaela Rodrigues,21750.0
Salvador,Eduardo Nunes,21200.0
Rio de Janeiro,Diogo Ressurreição,21200.0
Porto Alegre,Pedro Dalforne,21200.0
Porto Alegre,Breno Caputo,21200.0
Porto Alegre,Carolina Alfradique,21200.0
Porto Alegre,Ana Monte,21200.0
Porto Alegre,Patrícia Amaral,21200.0
Porto Alegre,Henrique Villanova,21200.0
Porto Alegre,Amanda Braga,21200.0
São Paulo,Breno Farias,21200.0
Salvador,Raíssa Oros,21200.0
Salvador,Ana Fioretti,21200.0
Salvador,Gabrielle Silva,21200.0
Salvador,Paola Abreu,21200.0
São Paulo,Jonatas Passos,21200.0
São Paulo,Gustavo Aragão,21200.0
Recife,Guido Monteiro,21200.0
Recife,Amanda Delgado,21200.0
Recife,Pedro Jorge,21200.0
Recife,Lucas Freire,21200.0
Belo Horizonte,Gabriel Brito,21200.0
Recife,Daniel Cardoso,21200.0
Recife,Wellington Duarte,21200.0
Recife,Lucas Neto,21200.0
Recife,Isabel Mesquita,21200.0
Recife,Diogo Ressurreição,21200.0
São Paulo,Luis Oliveira,21200.0
Goiás,João Pedrazza,21200.0
Goiás,Juliana Souza,21200.0
Goiás,Lucas Wanderley,21200.0
Goiás,Gabrielle Wanderley,21200.0
Goiás,Ana Carvalho,21200.0
Goiás,Matheus Ramos,21200.0
Belo Horizonte,Thomáz Vannier,21200.0
Belo Horizonte,Felipe Jorge,21200.0
Belo Horizonte,Karine Barros,21200.0
Belo Horizonte,Matheus Silva,21200.0
Belo Horizonte,Wen Braga,21200.0
Belo Horizonte,Pedro Rodrigues,21200.0
Belo Horizonte,Caroline Cavalcanti,21200.0
Belo Horizonte,Daniela Rosa,21200.0
Belo Horizonte,Jônatas Castro,21200.0
São Paulo,Beatriz Rodrigues,21200.0
Goiás,Gabriel Rocha,21200.0
Goiás,Luiza Procaci,21200.0
Goiás,Rafaela Gomes,21200.0
Goiás,Julia Teixeira,21200.0
Goiás,Felipe Mello,21200.0
Goiás,Marina Gama,21200.0
Goiás,Kim Ferreira,21200.0
Goiás,Cézar Santos,21200.0
Salvador,Priscila Suzano,21200.0
Salvador,Itai Puntel,21200.0
Salvador,Bruna Brandao,21200.0
Salvador,Pedro Costa,21200.0
Salvador,Hanna Fonseca,21200.0
Salvador,Rafael Ramos,21200.0
Salvador,Matheus Delgado,21200.0
Salvador,Victor Soares,21200.0
Salvador,Ulisses Arruda,21200.0
Fortaleza,Paloma Sperandei,21200.0
Fortaleza,Monique Vasconcelos,21200.0
Fortaleza,Bianca Piero,21200.0
Fortaleza,João Luz,21200.0
Fortaleza,Marcela Medeiros,21200.0
Rio de Janeiro,Victor Zakhm,21200.0
Fortaleza,Thales Andrade,21200.0
Fortaleza,Dykson Silva,21200.0
Rio de Janeiro,Gustavo Aragão,21200.0
Curitiba,Priscila Carvalho,21200.0
Curitiba,Kim Ferreira,21200.0
Curitiba,Nicolas Monteiro,21200.0
Curitiba,Caio Fernandes,21200.0
Curitiba,José Carvalho,21200.0
Curitiba,Rafaela Gomes,21200.0
Curitiba,Gabriel Puntel,21200.0
Curitiba,Rafael Carneiro,21200.0
Curitiba,Wellington Duarte,21200.0
Curitiba,Juliana Silva,21200.0
Curitiba,Luiz Mendonça,21200.0
Curitiba,João Siqueira,21200.0
Curitiba,Carolina Siqueira,21200.0
Curitiba,Daniela Rosa,21200.0
Curitiba,Paulo Campos,21200.0
Curitiba,Vanessa Neves,21200.0
Curitiba,Isabella Santos,21200.0
Curitiba,Victor Oliveira,21200.0
Curitiba,Eduardo Pacheco,21200.0
Rio de Janeiro,Carolina Brum,21200.0
Fortaleza,Lara Moreira,21200.0
Rio de Janeiro,Anízio Carvalho,21200.0
Fortaleza,Rubens Netto,21200.0
Rio de Janeiro,Sthefeson Kohn,21200.0
Rio de Janeiro,Paula Calbucci,21200.0
Rio de Janeiro,Bruna Londero,21200.0
São Paulo,Myllena Carneiro,21200.0
São Paulo,Larissa Vasconcellos,21200.0
São Paulo,Lucas Baptista,21200.0
São Paulo,Gabriela Aliani,21200.0
São Paulo,Izabel Lopes,21200.0
São Paulo,Leandro Melo,21200.0
São Paulo,Deysiane Bach,21200.0
São Paulo,Carolina Rachide,21200.0
São Paulo,Rodrigo Bruno,21200.0
São Paulo,Thales Gouvêa,21200.0
São Paulo,Lais Candido,21200.0
São Paulo,José Carvalho,21200.0
São Paulo,Juliana Hollander,21200.0
São Paulo,Giovana Vilela,21200.0
Rio de Janeiro,Eduardo Ferreira,21200.0
Rio de Janeiro,Wilson Miranda,21200.0
Rio de Janeiro,Rafaela Gonçalves,21200.0
Rio de Janeiro,Ramon Araujo,21200.0
Rio de Janeiro,Guilherme Seixas,21200.0
Rio de Janeiro,Lívia Marques,21200.0
Rio de Janeiro,João Menezes,21200.0
Rio de Janeiro,Marina Perdomo,21200.0
Curitiba,Kimberly Sad,21200.0
Rio de Janeiro,Anderson Barreto,20250.0
São Paulo,Andressa Nóbrega,20050.0
Rio de Janeiro,Thiago Veiga,19500.0
São Paulo,Julia Silva,19350.0
Fortaleza,Juliana Goes,19100.0
Salvador,Raissa Sales,19100.0
Salvador,Marina Perdomo,18550.0
Salvador,Milena Alcoforado,18550.0
Rio de Janeiro,Livia Codeceira,18550.0
São Paulo,Gabriel Soares,18550.0
São Paulo,Henrique Lencastre,18550.0
Fortaleza,Rilson Dias,18550.0
Fortaleza,Elena Barreto,18550.0
Salvador,William Mendonça,18500.0
Porto Alegre,Thais Rodrigues,18500.0
Belo Horizonte,Guilherme Monteiro,18500.0
Rio de Janeiro,Rebeca Taylor,18250.0
Rio de Janeiro,Guilherme Castilho,17500.0
São Paulo,Fillipe Almeida,17500.0
Recife,Hércules Júnior,17500.0
São Paulo,Julia Penteado,17500.0
Goiás,Myllena Carneiro,17500.0
Goiás,Arthur Pereira,17500.0
São Paulo,Raíssa Nimer,17500.0
São Paulo,Raissa Maia,17500.0
Fortaleza,Paula Cavalcanti,17500.0
Fortaleza,Matheus Silva,17500.0
Fortaleza,Maria Motta,17500.0
Fortaleza,Vitor Campos,17500.0
Porto Alegre,Breno Farias,17500.0
Porto Alegre,Bruna Rosa,17500.0
Porto Alegre,Tainah Nogueira,17500.0
Porto Alegre,Camilla Vieira,17500.0
Porto Alegre,João Castilho,17500.0
São Paulo,Carolina Abrahão,17500.0
Recife,Pedro Santos,17500.0
Recife,Luis Silva,17500.0
Recife,Milena Alcoforado,17500.0
Recife,Luiz Conceição,17500.0
Belo Horizonte,Bernardo Botelho,17500.0
Belo Horizonte,Giovana Vilela,17500.0
Belo Horizonte,Erick Soares,17500.0
Belo Horizonte,Jéssica Resinente,17500.0
Belo Horizonte,Bárbara Lima,17500.0
Belo Horizonte,Andreza Ramos,17500.0
Salvador,João Matheus,17500.0
Salvador,Rafael Guimarães,17500.0
Salvador,Anna Figueiredo,17500.0
Salvador,Diego Mello,17500.0
Curitiba,Alexandre Dantas,17500.0
Curitiba,Caio Moraes,17500.0
Curitiba,Rafael Rocha,17500.0
Curitiba,Raissa Maia,17500.0
Curitiba,Hiaiune Valim,17500.0
Curitiba,Alvaro Kranz,17500.0
Curitiba,Luíza Goulart,17500.0
Curitiba,Clara Silveira,17500.0
Rio de Janeiro,Julia Figueiredo,17500.0
Rio de Janeiro,Luis Oliveira,17500.0
Rio de Janeiro,André Alves,17500.0
Salvador,Isabella Rodrigues,17400.0
São Paulo,Bárbara Lima,17000.0
Belo Horizonte,Douglas Rodrigues,17000.0
Rio de Janeiro,Thales Portillo,17000.0
Rio de Janeiro,Cícero Lima,17000.0
São Paulo,Larissa Cruz,17000.0
São Paulo,Lucas Reis,17000.0
São Paulo,Victor Magalhães,17000.0
São Paulo,Marina Mesquita,17000.0
São Paulo,Juan Fernandes,17000.0
Salvador,Laura Araujo,17000.0
Goiás,Luiz Campista,17000.0
São Paulo,William Mendonça,17000.0
São Paulo,Bruno Ursulino,17000.0
Salvador,Carolina Silva,17000.0
Rio de Janeiro,Gustavo Azevedo,17000.0
Goiás,Caio Fernandes,17000.0
Goiás,Fabio Boccaletti,17000.0
Goiás,Thiago Miura,17000.0
Goiás,Carlos Melo,17000.0
Salvador,Mariana Barrozo,17000.0
Fortaleza,Bernardo Ribeiro,17000.0
Fortaleza,Bernardo Souza,17000.0
Fortaleza,Jessica Ferreira,17000.0
Porto Alegre,Amanda Delgado,17000.0
Porto Alegre,Myllena Corrêa,17000.0
Curitiba,Diego Rodrigues,17000.0
São Paulo,Gabriel Assis,17000.0
Rio de Janeiro,Lara Moreira,17000.0
Rio de Janeiro,Ana Gonzaga,17000.0
Fortaleza,Nathan Morelli,17000.0
Curitiba,Thales Fanara,17000.0
Curitiba,Filipe Barros,17000.0
Curitiba,Joyce Medina,17000.0
Curitiba,Marcelo Pereira,17000.0
Curitiba,Luiza Cabral,17000.0
Curitiba,Caroline Pinto,17000.0
Rio de Janeiro,Tadeu Sousa,17000.0
Fortaleza,Guilherme Assis,17000.0
Fortaleza,Bernardo Nauenberg,17000.0
Rio de Janeiro,Bruna Ramos,17000.0
São Paulo,Bruna Brandao,17000.0
Rio de Janeiro,Rilson Guedes,17000.0
Recife,Luiza Ribeiro,17000.0
Recife,Beatriz Perdomo,17000.0
Recife,Tiago Pereira,17000.0
São Paulo,Nina Magalhães,17000.0
São Paulo,Victor Franco,17000.0
Belo Horizonte,Mônica Rotolo,17000.0
Belo Horizonte,Bernardo Nauenberg,17000.0
Belo Horizonte,Rodrigo Bruno,17000.0
Salvador,Vinícius Antunes,17000.0
Rio de Janeiro,Marcela Gasperi,16850.0
Fortaleza,Lucas Freire,16650.0
São Paulo,Juliana Guimarães,16533.33
Fortaleza,Marina Cormack,16450.0
São Paulo,Luísa Fonseca,16400.0
Rio de Janeiro,Stephanie Gonçalves,16233.33
São Paulo,Eric Carvalho,16000.0
Recife,Raphael Ferman,15900.0
Rio de Janeiro,Laís Oliveira,15900.0
Salvador,Henrique Silva,15900.0
Salvador,Matheus Ramos,15900.0
Salvador,Pedro Santana,15900.0
Salvador,Laís Oliveira,15900.0
Salvador,Luiz Mendonça,15900.0
Salvador,Célio Xavier,15900.0
Salvador,Carlos Mesquita,15900.0
Fortaleza,Caio Moura,15900.0
Salvador,Eduardo Silva,15900.0
Salvador,Beatriz Li,15900.0
Salvador,Rafaela Ferreira,15900.0
Fortaleza,Katharina Barros,15900.0
Fortaleza,Eduardo Nunes,15900.0
Salvador,Marina Aragão,15900.0
Fortaleza,Raphael Guedes,15900.0
São Paulo,Raísa Rodrigues,15900.0
Salvador,Matheus Gomes,15900.0
Salvador,Dykson Silva,15900.0
Salvador,David Campelo,15900.0
Salvador,Vitor Campos,15900.0
Salvador,Bruna Silveira,15900.0
Belo Horizonte,Maria Costa,15900.0
Belo Horizonte,Priscila Garcia,15900.0
Belo Horizonte,Marcela Gasperi,15900.0
Belo Horizonte,Carolina Costa,15900.0
Rio de Janeiro,Victoria Tavares,15900.0
Rio de Janeiro,Elena Barreto,15900.0
Fortaleza,João Rodrigues,15900.0
Rio de Janeiro,Antonio Manhães,15900.0
Fortaleza,Fernanda Silva,15900.0
Rio de Janeiro,Giulia Lopes,15900.0
Fortaleza,Julia Figueiredo,15900.0
Fortaleza,Rafaela Ferreira,15900.0
São Paulo,Gabriel Thoni,15900.0
Recife,Gustavo Gomes,15900.0
São Paulo,João Siqueira,15900.0
Recife,Bruna Londero,15900.0
Recife,Rafaela Gomes,15900.0
Recife,Gabrielle Viríssimo,15900.0
Recife,Daniela Andrada,15900.0
São Paulo,Gabriel Almeida,15900.0
Recife,Guilherme Vianna,15900.0
Fortaleza,Patrick Silva,15900.0
Recife,Carlos Mesquita,15900.0
Recife,Matheus Sapir,15900.0
Recife,Raíssa Nimer,15900.0
Recife,Rogério Pereira,15900.0
Recife,Bernardo Botelho,15900.0
Recife,Izabel Miura,15900.0
Recife,João Peçanha,15900.0
Fortaleza,Ana Gonzaga,15900.0
São Paulo,Sthefeson Kohn,15900.0
Rio de Janeiro,Carlos Cardoso,15900.0
Fortaleza,Lucas Machado,15900.0
São Paulo,Carolina Santos,15900.0
Rio de Janeiro,Wilson Vianna,15900.0
Fortaleza,Marina Aragão,15900.0
Rio de Janeiro,Cézar Santos,15900.0
Recife,Bianca Tatsch,15900.0
Fortaleza,Carlos Barbosa,15900.0
Fortaleza,Daniela Pereira,15900.0
Fortaleza,Beatriz Rocha,15900.0
Fortaleza,Mariana Barrozo,15900.0
Rio de Janeiro,Caio Cardoso,15900.0
Curitiba,Gustavo Gomes,15900.0
Curitiba,João Peçanha,15900.0
Curitiba,Guilherme Vianna,15900.0
Goiás,Nicolas Monteiro,15900.0
Goiás,Carolina Vasconcelos,15900.0
Goiás,Raíssa Oliveira,15900.0
Goiás,Sarah Souza,15900.0
Goiás,João Monteiro,15900.0
Curitiba,Pedro Pereira,15900.0
Rio de Janeiro,Arthur Rocha,15900.0
Curitiba,Carolina Abrahão,15900.0
Rio de Janeiro,Célio Xavier,15900.0
Rio de Janeiro,Júlio Fraga,15900.0
Rio de Janeiro,Deysiane Medronho,15900.0
Curitiba,Lucas Freitas,15900.0
Curitiba,Anderson Martins,15900.0
Salvador,Katharina Barros,15900.0
São Paulo,Lucas Rocha,15900.0
Porto Alegre,Cézar Santos,15900.0
Porto Alegre,Caio Vianna,15900.0
Porto Alegre,Gabriela Cavalcanti,15900.0
Porto Alegre,Pedro Bitencourt,15900.0
Porto Alegre,Matheus Delgado,15900.0
Porto Alegre,Antônio Soares,15900.0
Porto Alegre,Victor Firmino,15900.0
Porto Alegre,Arthur Souza,15900.0
Porto Alegre,Rafaela Gomes,15900.0
Porto Alegre,Roberta Nogueira,15900.0
Curitiba,Luana Santana,15900.0
Curitiba,Vivianne Rodrigues,15900.0
Curitiba,Carlos Souza,15900.0
Goiás,Cícero Lima,15900.0
Goiás,João Castilho,15900.0
Goiás,Luíza Melo,15900.0
Curitiba,Carolina Costa,15900.0
Curitiba,Beatriz Cavalcanti,15900.0
São Paulo,Bruno Freitas,15900.0
Curitiba,Rachel Silva,15900.0
Curitiba,Pedro Sena,15900.0
Curitiba,Caroline Aquino,15900.0
Rio de Janeiro,Sarah Souza,15900.0
Rio de Janeiro,Wendela Mariz,15900.0
Rio de Janeiro,Maria Cardoso,15900.0
Rio de Janeiro,Rubens Netto,15900.0
Rio de Janeiro,João Castilho,15900.0
Rio de Janeiro,Joyce Medina,15900.0
São Paulo,Alon Palmeira,15900.0
São Paulo,Diego Rodrigues,15900.0
São Paulo,Natalia Guedes,15900.0
São Paulo,Paula Carneiro,15900.0
São Paulo,Helvio Pedrosa,15900.0
São Paulo,Julie Ferreira,15900.0
São Paulo,Breno Godoy,15900.0
São Paulo,Guilherme Jordao,15900.0
São Paulo,Eduardo Soares,15900.0
São Paulo,Camilla Vieira,15900.0
São Paulo,Breno Costa,15900.0
São Paulo,Rodrigo Souza,15900.0
São Paulo,Bruna Rosa,15900.0
São Paulo,Amanda Amaral,15900.0
Porto Alegre,Carolina Motta,15900.0
Fortaleza,Jeferson Costa,15850.0
São Paulo,Ana Monte,15850.0
São Paulo,Yasmim Bittencourt,15850.0
Porto Alegre,Guilherme Lima,15750.0
Salvador,Ana Felippe,15750.0
São Paulo,Gustavo Junior,15700.0
Belo Horizonte,Jessica Ferreira,15700.0
Rio de Janeiro,Camila Sobral,15600.0
Fortaleza,Michelle Pereira,15550.0
Rio de Janeiro,Victor Lira,15350.0
Goiás,Lenon Fernandes,15350.0
São Paulo,Alex Fernandes,15333.33
Fortaleza,Natalia Accioly,15000.0
São Paulo,Raphael Ferman,14950.0
São Paulo,Deysiane Medronho,14850.0
Recife,Paola Abreu,14750.0
São Paulo,Tadeu Sousa,14666.67
Rio de Janeiro,Izabel Miura,14666.67
Salvador,Caio Affonso,14650.0
Recife,Lucas Chagas,14600.0
Salvador,Matheus Silva,14500.0
Rio de Janeiro,Brenno Santos,14500.0
Rio de Janeiro,Maria Gasperi,14500.0
Fortaleza,Gustavo Guimarães,14500.0
São Paulo,Paula Calbucci,14450.0
Curitiba,João Alves,14350.0
São Paulo,Marina Miranda,14350.0
Fortaleza,Lucas Assunção,14350.0
Porto Alegre,Juliana Goes,14350.0
Fortaleza,Samara Pinto,14300.0
São Paulo,Marcela Medeiros,14300.0
Rio de Janeiro,Carlos Portela,14200.0
Porto Alegre,Tadeu Nakayama,14200.0
São Paulo,Paula Isbelle,14200.0
Rio de Janeiro,Adriana Carneiro,14200.0
São Paulo,Kimberly Sad,14100.0
Fortaleza,Fernanda Coutinho,14050.0
Fortaleza,Marina Perdomo,14050.0
Belo Horizonte,Lucas Lemos,14050.0
Fortaleza,Pedro Cardoso,14000.0
Fortaleza,Beatriz Biase,14000.0
Goiás,Hércules Moreira,14000.0
São Paulo,Mariana Sousa,14000.0
São Paulo,Caio Vianna,14000.0
São Paulo,Joao Silva,14000.0
São Paulo,Juliana Correa,14000.0
São Paulo,Carla Zakhm,14000.0
São Paulo,Leandro Rodrigues,14000.0
Belo Horizonte,Arthur Rocha,14000.0
Porto Alegre,Bruno Velucci,14000.0
Porto Alegre,Gabriel Brito,14000.0
Porto Alegre,Pedro Buraco,14000.0
Recife,Marcos Nucci,14000.0
Belo Horizonte,João Costa,14000.0
Recife,Allan Candido,14000.0
Recife,Mariana Baptista,14000.0
Recife,Lorena Kohn,14000.0
Belo Horizonte,Livia Cozendey,14000.0
Goiás,Lívia Tanaka,14000.0
Salvador,João Peçanha,14000.0
Salvador,Rodrigo Silva,14000.0
Salvador,Carolina Santos,14000.0
Curitiba,Lucas Destri,14000.0
Curitiba,Cícero Ramos,14000.0
Curitiba,Marcelo Rosa,14000.0
Curitiba,Mariana Freire,14000.0
Salvador,Paulo Campos,14000.0
Rio de Janeiro,Dandara Reis,14000.0
Fortaleza,Thiago Miura,14000.0
Rio de Janeiro,Juan Barbosa,14000.0
Rio de Janeiro,Eduardo Vargas,14000.0
Goiás,Adriana Passos,14000.0
Rio de Janeiro,Gabriel Assis,14000.0
Fortaleza,Luana Santos,14000.0
Fortaleza,Mateus Maia,14000.0
Fortaleza,Beatriz Perdomo,14000.0
Fortaleza,Ravena Bhering,14000.0
Goiás,Wilson Miranda,14000.0
São Paulo,Bianca Tatsch,13850.0
Rio de Janeiro,Carolina Carneiro,13800.0
São Paulo,Matheus Silva,13766.67
Rio de Janeiro,Fernanda Ferreira,13750.0
Rio de Janeiro,Antônio Oliveira,13750.0
Recife,David Assumpção,13600.0
Porto Alegre,Alon Guedes,13600.0
Salvador,Thomáz Bôas,13600.0
Salvador,Marcela Medeiros,13600.0
Salvador,Felipe Paulo,13600.0
Salvador,Barbara Procaci,13600.0
Salvador,Clarissa Santos,13600.0
Salvador,Pedro Bitencourt,13600.0
Salvador,Lucas Reis,13600.0
Belo Horizonte,Manuela Ferreira,13600.0
Belo Horizonte,Beatriz Rocha,13600.0
Rio de Janeiro,Iuri Barbosa,13600.0
Rio de Janeiro,João Bach,13600.0
Rio de Janeiro,Gustavo Gomes,13600.0
Belo Horizonte,Ana Fioretti,13600.0
Belo Horizonte,Ana Silva,13600.0
São Paulo,Cláudio Aragão,13600.0
Curitiba,Gabriel Soares,13600.0
Recife,Amanda Felippe,13600.0
Recife,Jackson Derossi,13600.0
Recife,Luiz Almeida,13600.0
Porto Alegre,Paula Cavalcanti,13600.0
São Paulo,Victor Oliveira,13600.0
São Paulo,Caroll Johnson,13600.0
São Paulo,Manuela Ferreira,13600.0
Goiás,Philipe Morete,13600.0
Goiás,Elaine Santos,13600.0
Fortaleza,Priscila Carvalho,13600.0
São Paulo,Livia Cozendey,13600.0
Goiás,João Ribeiro,13600.0
Goiás,Ananda Dias,13600.0
Fortaleza,Raissa Pinheiro,13600.0
Goiás,Carolina Santos,13600.0
Fortaleza,Gabriella Sagrillo,13600.0
Porto Alegre,Giovana Vilela,13600.0
Porto Alegre,Fabio Boccaletti,13600.0
São Paulo,Felipe Cavalcanti,13600.0
Porto Alegre,Aline Andrade,13250.0
Goiás,Camilla Cardeman,13250.0
São Paulo,Carolina Bernardes,13250.0
São Paulo,Giselia Thiele,13250.0
São Paulo,João Abraçado,13250.0
Salvador,Breno Caputo,13250.0
São Paulo,Thomáz Vannier,13200.0
Salvador,Ana Leite,13050.0
São Paulo,Norman Jimbo,13050.0
Salvador,Juliana Mesquita,13050.0
Fortaleza,Giovana Vilela,13000.0
São Paulo,Marcela Gasperi,12950.0
Rio de Janeiro,Eduardo Veiga,12950.0
Fortaleza,Antonio Bernhardt,12700.0
São Paulo,Patrícia Amaral,12700.0
Salvador,Pedro Oliveira,12700.0
São Paulo,Gustavo Guimarães,12700.0
Fortaleza,Rachel Silva,12633.33
Goiás,Larissa Jesus,12600.0
Goiás,Victor Magalhães,12500.0
Recife,Felipe Jorge,12500.0
Salvador,Karina Camara,12500.0
Salvador,Leonardo Faria,12500.0
Porto Alegre,José Seixas,12500.0
Porto Alegre,Luiz Almeida,12500.0
Porto Alegre,Julia Leig,12500.0
Porto Alegre,Thales Santos,12500.0
Porto Alegre,Priscila Garcia,12500.0
São Paulo,Felipe Mello,12500.0
São Paulo,Victor Firmino,12500.0
Salvador,Guilherme Barbosa,12500.0
Salvador,Eric Carvalho,12500.0
São Paulo,Júlio Freire,12500.0
São Paulo,Wilson Vianna,12500.0
São Paulo,João Capitulo,12500.0
Porto Alegre,Carolina Rocha,12500.0
São Paulo,Laura Araujo,12500.0
São Paulo,Pedro Buraco,12500.0
São Paulo,Júlia Almeida,12500.0
São Paulo,Igor Lima,12500.0
São Paulo,Jessica Ferreira,12500.0
São Paulo,Gabriel Pereira,12500.0
São Paulo,Thayane Resende,12500.0
São Paulo,Adriane Chagas,12500.0
São Paulo,Luiza Cabral,12500.0
São Paulo,Fernanda Junior,12500.0
Porto Alegre,Thales Portillo,12500.0
Porto Alegre,Clara Bruno,12500.0
Goiás,Rafael Wajnsztok,12500.0
Fortaleza,Breno Costa,12500.0
Salvador,Vanessa Bach,12500.0
Salvador,Danilo Mendonça,12500.0
Salvador,Fillipe Almeida,12500.0
Goiás,Anna Maia,12500.0
Goiás,Gabriel Rubim,12500.0
Fortaleza,Guido Monteiro,12500.0
Salvador,Priscila Garcia,12500.0
Goiás,Roberta Pimenta,12500.0
Goiás,Andre Nóbrega,12500.0
Rio de Janeiro,Marcelo Guadagnino,12500.0
Fortaleza,Khaio Mesquita,12500.0
Rio de Janeiro,Luis Garcia,12500.0
Rio de Janeiro,Patrícia Ferreira,12500.0
Fortaleza,Wendela Veloso,12500.0
Fortaleza,Matheus Ramos,12500.0
Fortaleza,Giuseppe Bhering,12500.0
Fortaleza,Itai Puntel,12500.0
Rio de Janeiro,Chan Santos,12500.0
Rio de Janeiro,Paula Carneiro,12500.0
Fortaleza,Raphael Kurtz,12500.0
Curitiba,Sthefeson Pereira,12500.0
Curitiba,Carlos Melo,12500.0
Rio de Janeiro,Isabella Santos,12500.0
Curitiba,Ruan Gonçalves,12500.0
Curitiba,Carlos Silva,12500.0
Curitiba,Larissa Jesus,12500.0
Curitiba,Erick Soares,12500.0
Fortaleza,Jorge Carvalho,12500.0
Belo Horizonte,João Araujo,12500.0
Curitiba,Andressa Chou,12500.0
Recife,Bruno Silva,12500.0
Belo Horizonte,Thales Fanara,12500.0
Fortaleza,Isabela Teixeira,12500.0
Belo Horizonte,Caio Fernandes,12500.0
Recife,Natalia Marinho,12500.0
Recife,Marina Marins,12500.0
Belo Horizonte,Raíssa Oros,12500.0
Fortaleza,Lucas Lima,12500.0
Curitiba,Isabelle Firmino,12500.0
Fortaleza,Lucas Lemos,12500.0
Fortaleza,Mônica Rotolo,12500.0
Recife,Andre Sampaio,12500.0
Salvador,Sthefeson Barroso,12500.0
Salvador,Bruno Ursulino,12500.0
Rio de Janeiro,João Rodrigues,12500.0
Curitiba,Jessica Cordovil,12500.0
Recife,Myllena Corrêa,12500.0
Recife,Fernanda Junior,12500.0
Porto Alegre,Matheus Souza,12500.0
Fortaleza,Rafaela Gomes,12300.0
São Paulo,Beatriz Silva,12250.0
Salvador,Isabela Resende,12250.0
Salvador,João Luz,12150.0
Curitiba,Lucas Rodrigues,12133.33
Salvador,Anna Silva,12100.0
Porto Alegre,Stephanie Novak,12100.0
Fortaleza,Lucas Costa,12066.67
Porto Alegre,Natalia Guedes,12050.0
Rio de Janeiro,Joyce Souza,12000.0
São Paulo,Kim Ferreira,11900.0
São Paulo,Andressa Rotsztejn,11866.67
Rio de Janeiro,Danilo Rubim,11850.0
Fortaleza,Eduardo Pacheco,11800.0
São Paulo,Carlos Azevedo,11800.0
Goiás,Isabella Rodrigues,11700.0
São Paulo,Douglas Rodrigues,11650.0
Rio de Janeiro,Marcos Nucci,11650.0
Goiás,Caroline Cavalcanti,11550.0
Salvador,Lucas Wanderley,11550.0
Recife,Vanessa Bach,11550.0
São Paulo,Ulisses Filho,11500.0
Salvador,Leandro Rodrigues,11450.0
São Paulo,Ruan Lopes,11433.33
São Paulo,Roberto Tiradentes,11400.0
São Paulo,Diego Mello,11375.0
Fortaleza,Maria Costa,11350.0
São Paulo,José Vieira,11333.33
Curitiba,Bianca Ferezin,11300.0
São Paulo,Luis Souza,11300.0
Porto Alegre,Rachel Restum,11300.0
Salvador,Michelle Pereira,11250.0
Fortaleza,Raíssa Oliveira,11250.0
São Paulo,Sarah Souza,11100.0
São Paulo,José Seixas,11066.67
Salvador,Lucas Costa,11000.0
Fortaleza,Antonio Manhães,11000.0
São Paulo,Julia Leig,10850.0
Fortaleza,Luiza Marques,10800.0
Fortaleza,Pedro Rodrigues,10750.0
Porto Alegre,Mariana Barrozo,10600.0
Rio de Janeiro,Ana Campos,10600.0
Belo Horizonte,Mariane Racy,10600.0
Salvador,Ana Soledade,10600.0
Salvador,Lucas Cavalcanti,10600.0
Salvador,Giselia Thiele,10600.0
Salvador,Lucas Almeida,10600.0
Salvador,Ravena Bhering,10600.0
Salvador,Renan Ventura,10600.0
Salvador,Sandy Ribeiro,10600.0
Belo Horizonte,Rafaela Ferreira,10600.0
Salvador,Rebeca Taylor,10600.0
Salvador,Leandro Melo,10600.0
Salvador,Platini Heimlich,10600.0
Salvador,Luíza Melo,10600.0
Salvador,Natália Appel,10600.0
Belo Horizonte,Igor Azevedo,10600.0
Salvador,Matheus Santos,10600.0
Salvador,Thomaz Ferreira,10600.0
Salvador,Beatriz Almeida,10600.0
Belo Horizonte,Gustavo Erthal,10600.0
Porto Alegre,Jeferson Costa,10600.0
São Paulo,Caroline Cavalcanti,10600.0
Recife,Julia Silva,10600.0
Recife,Nathan Morelli,10600.0
Recife,Pedro Rodrigues,10600.0
Recife,Juliana Mesquita,10600.0
Recife,Sylvio Bernhardt,10600.0
Recife,Thomaz Ferreira,10600.0
Recife,Khaio Mesquita,10600.0
Recife,Juliana Silva,10600.0
Curitiba,Nathalia Ventura,10600.0
Recife,Eduardo Silva,10600.0
Curitiba,Jeferson Sone,10600.0
Curitiba,Miguel Carneiro,10600.0
São Paulo,Danilo Rubim,10600.0
São Paulo,Luana Santos,10600.0
Curitiba,Caio Cardoso,10600.0
São Paulo,Tayla Lima,10600.0
São Paulo,Natalia Andrade,10600.0
Curitiba,Mariana Sousa,10600.0
Rio de Janeiro,Leandro Melo,10600.0
Curitiba,Raul Junqueira,10600.0
Goiás,Rebeca Reis,10600.0
São Paulo,Debora Silva,10600.0
Goiás,Igor Lima,10600.0
Goiás,Isabella Montanholi,10600.0
Goiás,Maria Gasperi,10600.0
Goiás,Daniel Nauenberg,10600.0
São Paulo,Aline Mello,10600.0
São Paulo,Carlos Assis,10600.0
São Paulo,Stela Mendonça,10600.0
São Paulo,Lívia Marques,10600.0
São Paulo,Nathan Cunha,10600.0
São Paulo,Andreza Ramos,10600.0
São Paulo,Danilo Alves,10600.0
São Paulo,Igor Azevedo,10600.0
São Paulo,Anna Silva,10600.0
Porto Alegre,Giuseppe Bhering,10600.0
Fortaleza,João Costa,10600.0
Porto Alegre,Anízio Carvalho,10600.0
Fortaleza,Giulia Lopes,10600.0
Fortaleza,Rafaella Mello,10600.0
Curitiba,Mayara Soares,10600.0
Rio de Janeiro,Rogério Gentile,10600.0
Fortaleza,Gabriel Silva,10600.0
Fortaleza,Vittorio Freitas,10600.0
Fortaleza,Guilherme Monteiro,10600.0
Rio de Janeiro,Camilla Guimarães,10600.0
Rio de Janeiro,Adrielle Vieira,10600.0
Fortaleza,Wilson Meirelles,10600.0
Rio de Janeiro,Beatriz Silva,10600.0
Rio de Janeiro,Jonatas Essaber,10600.0
Fortaleza,Rebeca Reis,10600.0
Porto Alegre,Guilherme Vianna,10600.0
Fortaleza,Eric Neves,10600.0
Fortaleza,Lunna Vannier,10600.0
Rio de Janeiro,Pedro Bitencourt,10600.0
Fortaleza,Ulisses Filho,10600.0
Fortaleza,Luiz Xavier,10600.0
Rio de Janeiro,Lunna Vannier,10600.0
Rio de Janeiro,Bernardo Nauenberg,10600.0
Fortaleza,Anízio Carvalho,10600.0
Fortaleza,Raul Silveira,10600.0
Fortaleza,Gustavo Gomes,10600.0
Fortaleza,Giovanna Santos,10600.0
Fortaleza,Viviane Souza,10600.0
Fortaleza,Matheus Miranda,10600.0
Fortaleza,Isabel Leite,10600.0
Fortaleza,Rafael Rocha,10600.0
Porto Alegre,Gabrielle Silva,10600.0
Porto Alegre,Ana Júnior,10600.0
Porto Alegre,Ana Gonzaga,10600.0
Rio de Janeiro,Rafaela Ferreira,10600.0
Rio de Janeiro,Julia Leig,10600.0
Rio de Janeiro,Beatriz Rodrigues,10600.0
Rio de Janeiro,Mariana Sousa,10600.0
Rio de Janeiro,Hércules Júnior,10600.0
Rio de Janeiro,Marcelo Magalhães,10600.0
Rio de Janeiro,Eduardo Quindeler,10600.0
Rio de Janeiro,Julia Teixeira,10600.0
Belo Horizonte,Henrique Oliveira,10600.0
Curitiba,Renan Melo,10550.0
Rio de Janeiro,Matheus Tostes,10550.0
Fortaleza,Joao Silva,10550.0
Goiás,Lucas Monte,10550.0
Goiás,Marina Marins,10550.0
São Paulo,Larissa Jesus,10533.33
Salvador,Rodrigo Bruno,10500.0
São Paulo,Carolina Brum,10500.0
Salvador,Kim Ferreira,10500.0
Rio de Janeiro,Matheus Santos,10500.0
Rio de Janeiro,Stephanie Novak,10500.0
Rio de Janeiro,Raphael Ferman,10500.0
Rio de Janeiro,Raul Junqueira,10500.0
Rio de Janeiro,Stela Mendonça,10500.0
Rio de Janeiro,Vanessa Neves,10500.0
Rio de Janeiro,Sandy Moreira,10500.0
Rio de Janeiro,Carlos Mesquita,10500.0
Salvador,Luiz Limp,10500.0
Rio de Janeiro,Natalia Andrade,10500.0
Rio de Janeiro,Jackson Derossi,10500.0
Fortaleza,Thales Santos,10500.0
São Paulo,Rilson Dias,10500.0
Fortaleza,Adrielle Forte,10500.0
Fortaleza,Gabriel Rocha,10500.0
Fortaleza,Gustavo Aragão,10500.0
Porto Alegre,Rojane Lima,10500.0
Fortaleza,Rafaela Rodrigues,10500.0
Fortaleza,Bruna Franco,10500.0
Curitiba,Antonio Bernhardt,10500.0
Porto Alegre,Bruno Souza,10500.0
São Paulo,Bruno Oliveira,10500.0
Curitiba,Beatriz Rocha,10500.0
Porto Alegre,Jorge Fonseca,10500.0
Porto Alegre,Letícia Leal,10500.0
Fortaleza,Vanessa Rodrigues,10500.0
Curitiba,Bernardo Botelho,10500.0
Curitiba,Lucas Valim,10500.0
Porto Alegre,Guilherme Castilho,10500.0
Porto Alegre,Mariana Baptista,10500.0
Porto Alegre,Wilson Vianna,10500.0
Goiás,Bianca Tatsch,10500.0
São Paulo,Isabella Santos,10500.0
Porto Alegre,Carlos Melo,10500.0
Goiás,Beatriz Silva,10500.0
Fortaleza,Guilherme Vianna,10500.0
Fortaleza,Aline Morais,10500.0
Fortaleza,Milena Almeida,10500.0
Fortaleza,Deysiane Medronho,10500.0
Salvador,Beatriz Perdomo,10500.0
Salvador,Isabela Rodrigues,10500.0
Salvador,Marina Gama,10500.0
Salvador,Bernardo Ribeiro,10500.0
Salvador,Brenno Miranda,10500.0
Salvador,Lázaro Nascimento,10500.0
Salvador,Maurício Dias,10500.0
Fortaleza,Caroline Aquino,10500.0
Salvador,Rafael Wajnsztok,10500.0
Salvador,Luiz Almeida,10500.0
Salvador,Gustavo Aragão,10500.0
Belo Horizonte,Yasmim Bittencourt,10500.0
Belo Horizonte,Eduardo Silva,10500.0
Belo Horizonte,Juliana Huon,10500.0
Belo Horizonte,Thales Portillo,10500.0
Belo Horizonte,Carolina Carneiro,10500.0
Fortaleza,Julia Silva,10500.0
São Paulo,Michelle Miura,10500.0
Fortaleza,Daniel Nauenberg,10500.0
Fortaleza,Thales Portillo,10500.0
São Paulo,Wendela Mariz,10500.0
São Paulo,Cassio Faria,10500.0
São Paulo,Célio Xavier,10500.0
São Paulo,Raphael Filho,10500.0
Recife,Lázaro Villanova,10500.0
São Paulo,Guilherme Marchesi,10500.0
Rio de Janeiro,Raísa Rodrigues,10450.0
Rio de Janeiro,William Mendonça,10450.0
Salvador,Wilson Meirelles,10400.0
Rio de Janeiro,Clarissa Santos,10400.0
São Paulo,Arthur Rocha,10350.0
São Paulo,Ylana Teraoka,10300.0
Fortaleza,Mariane Ferreira,10250.0
Salvador,Michelle Figueiredo,10250.0
São Paulo,Paola Abreu,10200.0
Rio de Janeiro,Roberta Teixeira,10200.0
Recife,Victor Ferreira,10200.0
Fortaleza,Natalia Marinho,10200.0
São Paulo,Thayna Martins,10200.0
Recife,José Fonseca,10200.0
São Paulo,Rodrigo Alves,10200.0
São Paulo,Matheus Delgado,10200.0
São Paulo,Daniel Felippe,10200.0
Curitiba,Ana Carvalho,10200.0
Salvador,Luiz Campista,10200.0
Fortaleza,Carla Zakhm,10200.0
Fortaleza,Gabriela Cavalcanti,10200.0
Fortaleza,Pedro Lyra,10200.0
Fortaleza,Anna Figueiredo,10200.0
São Paulo,Rebeca Reis,10200.0
Belo Horizonte,Juan Fernandes,10200.0
Goiás,Beatriz Li,10200.0
Goiás,Gabrielle Costa,10200.0
Goiás,Marina Miranda,10200.0
Goiás,Vanessa Neves,10200.0
Porto Alegre,Bianca Paz,10200.0
Porto Alegre,Gustavo Azevedo,10200.0
Curitiba,Rafaela Ferreira,10200.0
Porto Alegre,Cláudio Aragão,10200.0
Rio de Janeiro,Raissa Pinheiro,10200.0
Rio de Janeiro,Luis Villanova,10200.0
Salvador,Ana Gomes,10200.0
Rio de Janeiro,Anna Figueiredo,10200.0
Salvador,Lunna Vannier,10200.0
Salvador,Rafael Carneiro,10200.0
Salvador,Raissa Negrelli,10200.0
Salvador,Sthefeson Kohn,10200.0
Curitiba,Camilla Guimarães,10200.0
Recife,Henrique Lencastre,10200.0
Rio de Janeiro,Vitor Arruda,10150.0
Salvador,Daniel Nauenberg,10150.0
Salvador,Renan Cunha,10100.0
Curitiba,Gabriel Silva,10050.0
Belo Horizonte,Luiza Cabral,10050.0
São Paulo,Ananda Dias,10050.0
Rio de Janeiro,Luiza Cabral,10000.0
Fortaleza,Ana Leite,10000.0
Porto Alegre,Bruno Barcessat,10000.0
Porto Alegre,David Campelo,10000.0
Porto Alegre,Thayna Martins,10000.0
Porto Alegre,Luiza Farias,10000.0
Porto Alegre,Leonardo Ferreira,10000.0
Porto Alegre,Ylana Teraoka,10000.0
São Paulo,João Aires,10000.0
Recife,Clara Silveira,10000.0
Belo Horizonte,Giuseppe Bhering,10000.0
Recife,Daniel Felippe,10000.0
Belo Horizonte,Maria Junior,10000.0
Recife,Ana Leite,10000.0
Belo Horizonte,Caio Silva,10000.0
Belo Horizonte,Bruna Franco,10000.0
Belo Horizonte,Carolina Siqueira,10000.0
Rio de Janeiro,Jessica Cordovil,10000.0
Belo Horizonte,Rafael Portela,10000.0
Fortaleza,Nicolas Monteiro,10000.0
Rio de Janeiro,Platini Heimlich,10000.0
São Paulo,Lucas Assunção,10000.0
Rio de Janeiro,João Tabet,10000.0
Rio de Janeiro,Daniela Andrada,10000.0
Rio de Janeiro,Daniel Monteiro,10000.0
Rio de Janeiro,Lucas Valim,10000.0
Rio de Janeiro,Thaís Pereira,10000.0
Rio de Janeiro,Arthur Pereira,10000.0
Belo Horizonte,Juliana Guimarães,10000.0
Recife,Luíza Goulart,10000.0
Recife,Julia Aliani,10000.0
Recife,Fernanda Bhering,10000.0
Recife,Rilson Guedes,10000.0
Curitiba,Pedro Conceição,10000.0
São Paulo,Desirée Heimlich,10000.0
São Paulo,Jackson Derossi,10000.0
Curitiba,Adrielle Forte,10000.0
São Paulo,Maurício Dias,10000.0
Goiás,Beatriz Rocha,10000.0
Goiás,Lucas Rodrigues,10000.0
Goiás,Gabriel Brito,10000.0
Goiás,Allan Candido,10000.0
Goiás,Rafael Guimarães,10000.0
Goiás,Nathan Morelli,10000.0
Goiás,Paula Cavalcanti,10000.0
Goiás,Leonardo Ferreira,10000.0
Curitiba,Breno Quinto,10000.0
Curitiba,Larissa Florim,10000.0
Curitiba,Maria Moita,10000.0
Curitiba,Matheus Tostes,10000.0
Salvador,Danilo Alves,10000.0
Salvador,Lucas Villanova,10000.0
Salvador,Wilson Farias,10000.0
Salvador,Amanda Procaci,10000.0
Salvador,Raísa Berto,10000.0
Salvador,Marcos Nucci,10000.0
Salvador,Clara Silveira,10000.0
Salvador,Maria Correa,10000.0
Curitiba,Maurício Dias,10000.0
São Paulo,Daniela Rosa,10000.0
São Paulo,Letícia Leal,10000.0
Fortaleza,Caroll Johnson,10000.0
Recife,Eduardo Veiga,10000.0
Fortaleza,Ana Soledade,10000.0
Fortaleza,Marcelo Guadagnino,10000.0
Fortaleza,Débora Lopes,10000.0
São Paulo,Carolina Rocha,10000.0
São Paulo,Daniela Andrada,10000.0
São Paulo,Carlos Mesquita,10000.0
São Paulo,João Ribeiro,10000.0
São Paulo,Luiza Farias,10000.0
São Paulo,Rafaela Ferreira,10000.0
São Paulo,Mariane Ferreira,10000.0
São Paulo,Pedro Macckione,10000.0
São Paulo,Thiago Miura,10000.0
São Paulo,Luiza Cavalcanti,10000.0
Recife,Aline Mello,10000.0
São Paulo,Natália Appel,10000.0
Porto Alegre,Alexandre Dantas,10000.0
Rio de Janeiro,Roberto Nogueira,9900.0
Rio de Janeiro,Marcela Medeiros,9750.0
Fortaleza,Carlos Azevedo,9750.0
Recife,Luis Oliveira,9750.0
Rio de Janeiro,Pedro Sena,9750.0
Salvador,Diego Marchesi,9750.0
Rio de Janeiro,Mariana Miranda,9650.0
São Paulo,Lucas Costa,9633.33
São Paulo,Ana Campos,9575.0
Curitiba,Izabel Lopes,9566.67
São Paulo,Luíza Garcia,9550.0
Salvador,Matheus Afonso,9550.0
São Paulo,Manuela Merege,9550.0
Goiás,Guilherme Lima,9500.0
Goiás,Elena Barreto,9500.0
São Paulo,Lucas Fontoura,9475.0
Salvador,Fabio Ramos,9450.0
Salvador,Michelle Miura,9433.33
Rio de Janeiro,Carolina Rocha,9400.0
Salvador,Juliana Guimarães,9350.0
São Paulo,Eduardo Vargas,9333.33
São Paulo,Camilla Cardeman,9333.33
Recife,Ana Soledade,9300.0
Salvador,Breno Costa,9300.0
Salvador,Bianca Piero,9250.0
São Paulo,Viviane Cunha,9200.0
Goiás,Helena Chafin,9200.0
São Paulo,Adriana Passos,9100.0
Rio de Janeiro,Carlos Assis,9100.0
Salvador,Mariane Ferreira,9100.0
Salvador,Thomáz Rodriguez,9100.0
Rio de Janeiro,Thomáz Vannier,9050.0
Goiás,Raissa Sales,9033.33
São Paulo,Isabela Chagas,9000.0
Salvador,Beatriz Cavalcanti,9000.0
São Paulo,Arthur Souza,9000.0
Curitiba,Carlos Assis,9000.0
Recife,Victor Gomes,8933.33
Rio de Janeiro,Raphael Guedes,8900.0
Rio de Janeiro,Katharina Barros,8900.0
Goiás,Arthur Fernandes,8900.0
Fortaleza,Jônatas Soares,8800.0
Rio de Janeiro,Breno Caputo,8800.0
Recife,Lucas Junior,8750.0
Rio de Janeiro,Lucas Rocha,8750.0
São Paulo,Brenno Santos,8750.0
São Paulo,Daniel Valente,8750.0
São Paulo,Sthefeson Barroso,8733.33
Belo Horizonte,Raul Junqueira,8700.0
Rio de Janeiro,Felipe Mendonça,8700.0
São Paulo,Victor Corrêa,8650.0
Salvador,Mateus Franco,8650.0
São Paulo,Gabrielle Figueiredo,8600.0
Curitiba,Lucas Monte,8600.0
Belo Horizonte,Marina Delgado,8600.0
São Paulo,Ives Teixeira,8566.67
São Paulo,Felipe Mendonça,8450.0
Salvador,Marina Miranda,8450.0
Fortaleza,Joyce Souza,8433.33
Salvador,Juliana Barreira,8400.0
Fortaleza,Fernanda Rubim,8400.0
Rio de Janeiro,Caio Silva,8400.0
Rio de Janeiro,Letícia Leal,8400.0
Rio de Janeiro,Anderson Cavalcanti,8400.0
Rio de Janeiro,Wilson Meirelles,8400.0
Rio de Janeiro,Raphael Rezende,8400.0
São Paulo,Jéssica Netto,8400.0
Salvador,Yasser Calbucci,8400.0
Salvador,Aline Andrade,8400.0
São Paulo,Guilherme Vianna,8400.0
Belo Horizonte,Raphael Mattos,8400.0
Belo Horizonte,Victor Gomes,8400.0
Recife,Luiza Farias,8400.0
Recife,Bruno Velucci,8400.0
Goiás,Juliana Goes,8400.0
São Paulo,Gabriel Puntel,8400.0
São Paulo,Vitor Campos,8400.0
São Paulo,Isabela Rodrigues,8400.0
São Paulo,Sandy Moreira,8400.0
São Paulo,Roberta Pimenta,8400.0
Goiás,Bruna Gomes,8400.0
Goiás,Deysiane Medronho,8400.0
Salvador,Gabriel Soares,8400.0
Fortaleza,Gabriela Mello,8400.0
Rio de Janeiro,Lucas Aragão,8400.0
Fortaleza,Letícia Araujo,8400.0
Salvador,Juliana Silva,8400.0
Curitiba,Célio Xavier,8400.0
Curitiba,Carlos Galvão,8400.0
Curitiba,Amanda Machado,8400.0
Curitiba,Ana Gomes,8400.0
Curitiba,Rafaella Mello,8400.0
Salvador,Camila Sobral,8400.0
Belo Horizonte,Raul Silveira,8400.0
Recife,Bianca Allevato,8400.0
Porto Alegre,Julia Silva,8400.0
Salvador,Luã Sá,8400.0
Fortaleza,Ulisses Quinto,8400.0
Fortaleza,Adriana Carneiro,8400.0
Porto Alegre,Ana Felippe,8400.0
Curitiba,Gabriel Thoni,8350.0
Fortaleza,Victor Gomes,8300.0
Goiás,Pedro Macckione,8250.0
São Paulo,João Castilho,8200.0
Fortaleza,Camille Silva,8200.0
Fortaleza,Renan Melo,8200.0
Rio de Janeiro,Mônica Rotolo,8200.0
Goiás,Rilson Guedes,8200.0
São Paulo,Mariana Barrozo,8175.0
Salvador,Matheus Figueiredo,8100.0
Salvador,Rodrigo Ramos,8100.0
São Paulo,Thiago Nóbrega,8066.67
Goiás,João Capitulo,8050.0
Fortaleza,Jorge Fonseca,8033.33
São Paulo,Bruno Temporal,8000.0
Salvador,Mateus Polastri,8000.0
Belo Horizonte,Luã Sá,8000.0
Goiás,Juan Fernandes,8000.0
Porto Alegre,Giovanna Santos,8000.0
Recife,Ruan Lopes,8000.0
Goiás,Ana Felippe,8000.0
Porto Alegre,Eduardo Peluzo,8000.0
Porto Alegre,Wilson Brandão,8000.0
Goiás,Antônio Soares,8000.0
Goiás,Thaís Ribeiro,8000.0
Recife,Silvio Provenzano,8000.0
Rio de Janeiro,Andressa Rotsztejn,8000.0
Rio de Janeiro,Victoria Mazza,8000.0
Rio de Janeiro,Alex Fernandes,8000.0
Porto Alegre,Marcelo Borges,8000.0
Porto Alegre,Rebeca Manhães,8000.0
Rio de Janeiro,Karina Camara,8000.0
Fortaleza,Tayla Lima,8000.0
Salvador,Rodrigo Alves,8000.0
Fortaleza,João Oliveira,8000.0
Curitiba,Breno Farias,8000.0
Curitiba,Clara Bruno,8000.0
Salvador,Carlos Barbosa,8000.0
Salvador,Wellington Duarte,8000.0
Rio de Janeiro,David Vasconcelos,8000.0
Porto Alegre,Bárbara Cavalcante,8000.0
Salvador,Patrícia Amaral,8000.0
Recife,Dykson Silva,8000.0
Goiás,Lucas Neto,8000.0
Recife,Camille Silva,8000.0
Salvador,Daniel Alcoforado,8000.0
Salvador,Thayna Martins,8000.0
Porto Alegre,Bruna Gomes,8000.0
São Paulo,Letícia Rodrigues,8000.0
Rio de Janeiro,Elaine Santos,7966.67
Rio de Janeiro,David Campelo,7966.67
Goiás,Lorena Carvalho,7950.0
Salvador,Lucas Fontoura,7950.0
Rio de Janeiro,Pedro Lyra,7950.0
Rio de Janeiro,Michelle Figueiredo,7900.0
Rio de Janeiro,Eric Carvalho,7900.0
Rio de Janeiro,Caio Vianna,7800.0
Porto Alegre,Antonio Bernhardt,7800.0
Fortaleza,Anderson Cavalcanti,7800.0
São Paulo,Leticia Mesquita,7750.0
São Paulo,Marina Delgado,7750.0
Fortaleza,Raul Junqueira,7750.0
Salvador,Caio Vianna,7750.0
Salvador,Henrique Oliveira,7750.0
Fortaleza,Rodrigo Alves,7700.0
Salvador,Lucas Junior,7650.0
Fortaleza,Luiz Conceição,7650.0
São Paulo,João Costa,7600.0
Rio de Janeiro,Ives Teixeira,7600.0
São Paulo,Adriana Carneiro,7500.0
Rio de Janeiro,Júlio Freire,7500.0
Salvador,Ana Carvalho,7500.0
Salvador,Carlos Galvão,7500.0
Salvador,Bernardo Souza,7500.0
Salvador,Adrielle Gabriel,7500.0
São Paulo,Alon Guedes,7500.0
Salvador,Gabriel Puntel,7500.0
São Paulo,Bruno Ferreira,7500.0
São Paulo,Juliana Goes,7500.0
São Paulo,Lucas Destri,7500.0
Salvador,Guilherme Monteiro,7500.0
Salvador,Rojane Lima,7500.0
São Paulo,João Tabet,7500.0
Salvador,Beatriz Santos,7500.0
Porto Alegre,Juliana Huon,7500.0
São Paulo,Daniel Nauenberg,7500.0
São Paulo,Luiza Ribeiro,7500.0
Salvador,Andressa Nóbrega,7500.0
Porto Alegre,Douglas Rodrigues,7500.0
Salvador,Isabelle Firmino,7500.0
Porto Alegre,Lucas Lima,7500.0
Fortaleza,Danilo Rubim,7500.0
Porto Alegre,Iuri Barbosa,7500.0
Curitiba,Carlos Portela,7500.0
Salvador,Carolina Bernardes,7500.0
Porto Alegre,Bruno Mota,7500.0
Salvador,Jonatas Passos,7500.0
Goiás,Luíza Garcia,7500.0
Fortaleza,Rogério Gentile,7500.0
São Paulo,Maria Mello,7500.0
Goiás,José Fonseca,7500.0
Curitiba,Gabriel Azevedo,7500.0
Goiás,Lucas Machado,7500.0
Goiás,Maria Junior,7500.0
Goiás,Henrique Lencastre,7500.0
Goiás,Felipe Jorge,7500.0
Fortaleza,Raissa Maia,7500.0
Recife,Jonatas Essaber,7500.0
Recife,Thainá Binello,7500.0
Recife,Adrielle Vieira,7500.0
Curitiba,Glenda Santos,7500.0
Recife,Bruna Franco,7500.0
Recife,Jéssica Stefanelli,7500.0
Recife,Renan Nascimento,7500.0
São Paulo,Rafael Portela,7500.0
Fortaleza,Roberta Nogueira,7500.0
Fortaleza,Lais Candido,7500.0
Fortaleza,Miguel Carneiro,7500.0
Fortaleza,Caio Affonso,7500.0
Fortaleza,Guilherme Lima,7500.0
Belo Horizonte,Victoria Mazza,7500.0
Belo Horizonte,Gabriella Sagrillo,7500.0
Salvador,João Araujo,7500.0
Belo Horizonte,Aline Andrade,7500.0
Rio de Janeiro,Lucas Rodrigues,7500.0
Rio de Janeiro,Débora Lopes,7500.0
Belo Horizonte,Isabel Lacerda,7500.0
Rio de Janeiro,Laura Araujo,7500.0
Rio de Janeiro,Gustavo Erthal,7500.0
Curitiba,Matheus Delgado,7500.0
Rio de Janeiro,Allan Guedes,7500.0
Rio de Janeiro,Bruno Souza,7500.0
Rio de Janeiro,Camilla Cardeman,7500.0
Rio de Janeiro,Adrielle Forte,7500.0
Curitiba,Danilo Mendonça,7500.0
Curitiba,Bernardo Souza,7500.0
Rio de Janeiro,Marcelo Borges,7500.0
Rio de Janeiro,Rebeca Reis,7500.0
Curitiba,Jonatas Essaber,7500.0
Rio de Janeiro,Thayane Resende,7500.0
Fortaleza,Alon Palmeira,7500.0
Fortaleza,Karine Barros,7500.0
Salvador,Luíza Goulart,7500.0
Fortaleza,Clara Bruno,7475.0
Porto Alegre,Ulisses Filho,7350.0
Porto Alegre,Paloma Sperandei,7350.0
São Paulo,Yasmim Verly,7333.33
São Paulo,Thomáz Bôas,7333.33
Rio de Janeiro,Fernanda Coutinho,7266.67
Rio de Janeiro,Daniel Araujo,7250.0
Rio de Janeiro,Jéssica Resinente,7200.0
São Paulo,Rachel Silva,7200.0
São Paulo,Joao Pereira,7150.0
Recife,Carla Zakhm,7150.0
Rio de Janeiro,Rachel Restum,7150.0
São Paulo,Carolina Silva,7150.0
São Paulo,Gabrielle Silva,7100.0
São Paulo,Ulisses Quinto,7100.0
Salvador,Stefan Santos,7050.0
Rio de Janeiro,Matheus Miranda,7000.0
Rio de Janeiro,Luiz Campista,7000.0
Belo Horizonte,Mariane Ferreira,7000.0
Fortaleza,Lucas Reis,7000.0
Recife,Gabriel Thome,7000.0
Recife,Patrick Silva,7000.0
Recife,Helvio Pedrosa,7000.0
Recife,Marina Gama,7000.0
Recife,Matheus Miranda,7000.0
Recife,Julia Leig,7000.0
Goiás,Clara Silveira,7000.0
Recife,Victor Lira,7000.0
Goiás,Rodrigo Bruno,7000.0
Recife,Breno Costa,7000.0
Goiás,Pedro Martins,7000.0
Goiás,Isabella Santos,7000.0
Goiás,Rebeca Manhães,7000.0
Recife,Bárbara Lima,7000.0
Porto Alegre,Adriana Carneiro,7000.0
Goiás,Lucas Almeida,7000.0
Porto Alegre,Lívia Marques,7000.0
Porto Alegre,Laura Araujo,7000.0
Recife,Larissa Cruz,7000.0
São Paulo,Joyce Medina,7000.0
Fortaleza,Luiza Procaci,7000.0
Fortaleza,Arthur Fernandes,7000.0
Fortaleza,David Vasconcelos,7000.0
Fortaleza,Wendela Mariz,7000.0
Fortaleza,Andreza Ramos,7000.0
Curitiba,Victor Gomes,7000.0
Curitiba,Alon Guedes,7000.0
Curitiba,Ananda Dias,7000.0
Curitiba,Diogo Peixoto,7000.0
Curitiba,Sarah Souza,7000.0
Curitiba,Luis Souza,7000.0
Salvador,Lucas Freitas,7000.0
Salvador,Milena Almeida,7000.0
Salvador,Carolina Figueiredo,7000.0
Salvador,Breno Farias,7000.0
Salvador,Eduardo Soares,7000.0
Salvador,Roberta Pimenta,7000.0
Salvador,Thales Portillo,7000.0
Salvador,Rachel Silva,7000.0
Fortaleza,Douglas Rodrigues,7000.0
Fortaleza,Raphael Machado,7000.0
Recife,Livia Cozendey,7000.0
Fortaleza,Juliana Hollander,7000.0
Fortaleza,Anna Silva,7000.0
São Paulo,Glenda Santos,7000.0
São Paulo,Raphael Mattos,7000.0
Belo Horizonte,Rafael Ramos,7000.0
São Paulo,Gabriela Mello,7000.0
Belo Horizonte,Giulia Pessanha,7000.0
São Paulo,Luiz Campista,7000.0
Recife,Carolina Motta,7000.0
São Paulo,Pedro Sena,7000.0
São Paulo,Alon Pestana,7000.0
São Paulo,Fernanda Bhering,7000.0
São Paulo,Victoria Tavares,7000.0
São Paulo,Lucas Coelho,7000.0
São Paulo,Rafael Wajnsztok,7000.0
São Paulo,Patrick Silva,7000.0
São Paulo,Ana Leite,7000.0
São Paulo,Matheus Afonso,7000.0
São Paulo,Antonio Manhães,7000.0
São Paulo,Lívia Tanaka,7000.0
Rio de Janeiro,Rodrigo Silva,7000.0
São Paulo,Julia Leite,7000.0
São Paulo,Caio Silva,7000.0
São Paulo,Raíza Lopes,7000.0
Rio de Janeiro,Gabrielle Costa,7000.0
Rio de Janeiro,Carolina Abrahão,7000.0
Rio de Janeiro,João Costa,7000.0
Rio de Janeiro,Thiago Lima,7000.0
Rio de Janeiro,Vanessa Rodrigues,7000.0
Rio de Janeiro,Rodrigo Ramos,7000.0
Rio de Janeiro,Gabriel Rubim,7000.0
Rio de Janeiro,Clara Bruno,7000.0
Rio de Janeiro,Thiago Costa,7000.0
Rio de Janeiro,Julia Silva,7000.0
Rio de Janeiro,Vitor Campos,7000.0
Rio de Janeiro,Marina Correa,7000.0
Fortaleza,Diogo Ressurreição,7000.0
Salvador,Renan Melo,6966.67
Recife,Ana Almeida,6950.0
Belo Horizonte,Mariana Barrozo,6900.0
São Paulo,Amanda Roberto,6900.0
São Paulo,Livia Corrêa,6900.0
Rio de Janeiro,Jorge Carvalho,6900.0
São Paulo,Priscila Carvalho,6866.67
São Paulo,Fernanda Rubim,6866.67
Belo Horizonte,Gustavo Junior,6850.0
São Paulo,João Monteiro,6850.0
Goiás,Andressa Chou,6800.0
Salvador,Pedro Santos,6800.0
Goiás,Karina Camara,6800.0
Fortaleza,Marina Gama,6800.0
Rio de Janeiro,Jorge Fonseca,6800.0
Goiás,Bianca Allevato,6800.0
Goiás,Anderson Cavalcanti,6800.0
Fortaleza,José Jesus,6800.0
Goiás,Silvio Fahrnholz,6800.0
Fortaleza,Jonatas Essaber,6800.0
Curitiba,Caroline Cavalcanti,6800.0
Curitiba,Mateus Maia,6800.0
São Paulo,Samara Pinto,6800.0
São Paulo,Amanda Delgado,6800.0
Goiás,João Junior,6800.0
São Paulo,Raphael Kurtz,6800.0
São Paulo,João Rodrigues,6800.0
São Paulo,Eduardo Peluzo,6800.0
São Paulo,Eduardo Quindeler,6800.0
Rio de Janeiro,Maurício Dias,6800.0
Rio de Janeiro,Giuseppe Bhering,6800.0
Belo Horizonte,Paula Carneiro,6800.0
Curitiba,Thomaz Ferreira,6800.0
Rio de Janeiro,Antônio Soares,6800.0
Rio de Janeiro,Luíza Goulart,6800.0
Rio de Janeiro,Fernanda Bhering,6800.0
Belo Horizonte,Thiago Nóbrega,6800.0
Belo Horizonte,Hanna Fonseca,6800.0
Fortaleza,João Junior,6800.0
Fortaleza,Raphael Coelho,6800.0
Salvador,Daniel Ortiz,6800.0
Recife,Daniel Sousa,6800.0
Belo Horizonte,Rafael Carneiro,6800.0
Recife,Antonio Bernhardt,6800.0
Rio de Janeiro,Larissa Jesus,6800.0
Fortaleza,Gabrielle Costa,6800.0
Goiás,Lunna Vannier,6800.0
Porto Alegre,Rogério Gentile,6800.0
Belo Horizonte,Michelle Miura,6800.0
Salvador,João Júnior,6800.0
Salvador,Fabio Boccaletti,6800.0
Belo Horizonte,Eric Neves,6800.0
Salvador,Anderson Cavalcanti,6800.0
Belo Horizonte,Gustavo Accardo,6800.0
Goiás,Lucas Freitas,6800.0
Fortaleza,Hércules Moreira,6766.67
Recife,Carlos Araujo,6750.0
Rio de Janeiro,Thales Santos,6700.0
São Paulo,Rebeca Taylor,6700.0
Fortaleza,Gabriel Azevedo,6650.0
Curitiba,Cícero Lima,6650.0
São Paulo,Giovanna Santos,6650.0
Salvador,Fabio Sepúlveda,6650.0
Rio de Janeiro,Caio Ferreira,6600.0
Porto Alegre,Matheus Gomes,6600.0
Fortaleza,Mariana Freire,6566.67
São Paulo,Maria Junior,6566.67
Rio de Janeiro,Rafael Rocha,6550.0
Salvador,Guilherme Lima,6550.0
Salvador,Catarina Teixeira,6550.0
São Paulo,Dykson Silva,6500.0
Fortaleza,Lívia Marques,6500.0
São Paulo,Raphael Coelho,6466.67
Rio de Janeiro,Carolina Bernardes,6466.67
São Paulo,Khaio Mesquita,6433.33
Belo Horizonte,Luiza Ribeiro,6400.0
Goiás,Thiago Costa,6400.0
Porto Alegre,Julie Ferreira,6400.0
Goiás,Antonio Manhães,6400.0
Porto Alegre,Jonatas Passos,6400.0
Porto Alegre,Raul Silveira,6400.0
Goiás,Lucas Freire,6400.0
Belo Horizonte,Aline Morais,6400.0
Recife,Pedro Ronfini,6400.0
Porto Alegre,Raphael Machado,6400.0
Porto Alegre,Joao Silva,6400.0
Belo Horizonte,Diego Rodrigues,6400.0
São Paulo,Mateus Polastri,6400.0
Fortaleza,João Guadagnino,6400.0
Porto Alegre,Marina Miranda,6400.0
Salvador,Raphael Filho,6400.0
Recife,Arthur Pereira,6400.0
Recife,Nathan Cunha,6400.0
Salvador,Kimberly Sad,6400.0
Recife,Gabriel Rocha,6400.0
Rio de Janeiro,Bruna Soares,6400.0
Recife,Rachel Silva,6400.0
Rio de Janeiro,Alon Palmeira,6400.0
Fortaleza,Lucas Chagas,6400.0
Goiás,Katharina Barros,6400.0
Curitiba,Mariana Miranda,6400.0
Curitiba,Giselia Thiele,6400.0
Curitiba,Lara Moreira,6400.0
Curitiba,Philipe Morete,6400.0
Rio de Janeiro,Victor Franco,6400.0
Fortaleza,Raíssa Nimer,6400.0
São Paulo,Juliana Pacheco,6400.0
São Paulo,Caio Cardoso,6400.0
Recife,Fabio Ramos,6400.0
Curitiba,Adrielle Vieira,6350.0
Recife,Débora Lopes,6350.0
São Paulo,Marcelo Guadagnino,6350.0
Rio de Janeiro,Bruno Silva,6350.0
São Paulo,Camille Silva,6300.0
Belo Horizonte,Pedro Santos,6300.0
São Paulo,Roberta Nogueira,6300.0
Fortaleza,Victor Firmino,6300.0
Belo Horizonte,Pedro Cardoso,6300.0
Porto Alegre,Lais Candido,6300.0
Rio de Janeiro,Bruna Silva,6300.0
Porto Alegre,Deysiane Medronho,6300.0
Porto Alegre,João Rodrigues,6300.0
Recife,Raul Junqueira,6300.0
Recife,Paula Carneiro,6300.0
São Paulo,Gabriella Sagrillo,6300.0
Curitiba,João Araujo,6300.0
Curitiba,Stephanie Novak,6300.0
Rio de Janeiro,Jessica Ferreira,6300.0
Curitiba,João Abraçado,6300.0
São Paulo,João Guadagnino,6300.0
São Paulo,Caio Affonso,6300.0
São Paulo,Antônio Oliveira,6300.0
Rio de Janeiro,Wilson Brandão,6300.0
Rio de Janeiro,Roger Rosa,6300.0
São Paulo,Bianca Piero,6300.0
São Paulo,Ana Michetti,6300.0
Salvador,Luiza Johnson,6300.0
Porto Alegre,Caio Moraes,6300.0
Rio de Janeiro,Sthefeson Barroso,6300.0
Recife,Gustavo Thome,6300.0
Rio de Janeiro,Eduardo Peluzo,6300.0
Fortaleza,Dandara Reis,6300.0
Salvador,Caroline Delgado,6300.0
Salvador,Amanda Amaral,6300.0
São Paulo,Adrielle Vieira,6300.0
Recife,Juan Fernandes,6300.0
São Paulo,Marcos Nucci,6300.0
Rio de Janeiro,Tainah Nogueira,6300.0
Rio de Janeiro,Danilo Alves,6300.0
Goiás,Gabriel Pereira,6300.0
São Paulo,Rebeca Manhães,6300.0
Goiás,José Jesus,6300.0
Fortaleza,Rodrigo Bruno,6300.0
Goiás,João Araujo,6300.0
Fortaleza,Gabriel Thoni,6300.0
São Paulo,Juliana Silva,6260.0
São Paulo,Natali Rangel,6250.0
Goiás,Raul Junqueira,6250.0
Rio de Janeiro,Pedro Santos,6200.0
São Paulo,Rubens Netto,6150.0
Curitiba,Gustavo Aragão,6150.0
Rio de Janeiro,Stephanie Oliveira,6150.0
São Paulo,Lucas Lima,6100.0
Rio de Janeiro,Breno Quinto,6050.0
Curitiba,Thomáz Bôas,6050.0
Fortaleza,Michelle Figueiredo,5950.0
Curitiba,Alex Fernandes,5900.0
São Paulo,Matheus Gomes,5875.0
Curitiba,Anna Silva,5850.0
Salvador,Gabriel Almeida,5850.0
São Paulo,Renan Nascimento,5800.0
Salvador,Livia Corrêa,5800.0
São Paulo,David Vasconcelos,5800.0
São Paulo,Victoria Mazza,5800.0
São Paulo,Henrique Silva,5700.0
Porto Alegre,Patrícia Ferreira,5700.0
Fortaleza,Julia Penteado,5700.0
Goiás,Michelle Miura,5600.0
Curitiba,Matheus Gomes,5600.0
Porto Alegre,Felipe Cavalcanti,5600.0
São Paulo,Pedro Pereira,5600.0
Rio de Janeiro,Victor Oliveira,5600.0
Salvador,Victor Franco,5600.0
Goiás,Beatriz Biase,5600.0
Rio de Janeiro,Hanna Fonseca,5600.0
Rio de Janeiro,Mariana Freire,5600.0
Rio de Janeiro,Matheus Silva,5600.0
Rio de Janeiro,Alexandre Rodriguez,5600.0
Fortaleza,Fernanda Ferreira,5600.0
Belo Horizonte,Jonatas Passos,5600.0
Rio de Janeiro,Ana Leite,5600.0
Recife,Chan Santos,5600.0
Belo Horizonte,Lucas Wanderley,5600.0
Belo Horizonte,Breno Caputo,5600.0
São Paulo,Sthefeson Pereira,5600.0
Salvador,Bruno Ferreira,5600.0
Salvador,Maria Junior,5600.0
Recife,Roberta Nogueira,5600.0
São Paulo,Thomaz Ferreira,5600.0
São Paulo,Beatriz Li,5600.0
Salvador,Antonio Manhães,5600.0
Fortaleza,Raissa Sales,5600.0
Salvador,Luiz Marinho,5600.0
Salvador,Myllena Carneiro,5600.0
Salvador,Fernanda Rubim,5600.0
Goiás,Camila Bastazini,5600.0
Salvador,João Ribeiro,5600.0
Salvador,Gabriel Thoni,5600.0
Curitiba,Isabela Teixeira,5600.0
São Paulo,Jéssica Resinente,5600.0
Curitiba,Giuseppe Borges,5600.0
Porto Alegre,Amanda Roberto,5600.0
Curitiba,Sthefeson Barroso,5450.0
Salvador,Bruno Oliveira,5450.0
Goiás,Bianca Piero,5450.0
Porto Alegre,Yasmim Verly,5450.0
Curitiba,Carolina Alfradique,5350.0
Fortaleza,Bianca Procaci,5350.0
Porto Alegre,Isabela Chagas,5300.0
Recife,Kim Ferreira,5300.0
Rio de Janeiro,Thais Rodrigues,5300.0
Rio de Janeiro,Caroline Delgado,5300.0
Rio de Janeiro,Marina Gama,5300.0
Goiás,Thomáz Bôas,5300.0
Recife,Diego Barros,5300.0
Rio de Janeiro,Carolina Figueiredo,5300.0
Goiás,Izabel Miura,5300.0
Rio de Janeiro,Mariana Baptista,5300.0
Goiás,Audir Franco,5300.0
Goiás,Daniel Sousa,5300.0
Goiás,Jackson Derossi,5300.0
Goiás,Carlos Mesquita,5300.0
Goiás,Paloma Sperandei,5300.0
Rio de Janeiro,Isabella Montanholi,5300.0
Recife,Eric Carvalho,5300.0
Recife,Stefan Nunes,5300.0
Rio de Janeiro,Isabelle Gonçalves,5300.0
Fortaleza,Tainah Nogueira,5300.0
Recife,Victor Zakhm,5300.0
Rio de Janeiro,Ana Bôas,5300.0
Rio de Janeiro,Yasmim Bittencourt,5300.0
Rio de Janeiro,Gabriel Ribeiro,5300.0
Porto Alegre,Priscila Vogel,5300.0
Porto Alegre,Arthur Pereira,5300.0
Porto Alegre,Daniel Costa,5300.0
Rio de Janeiro,João Aires,5300.0
Recife,Mariana Miranda,5300.0
Rio de Janeiro,Leandro Ferreira,5300.0
Rio de Janeiro,Maria Mello,5300.0
Belo Horizonte,Carolina Bernardes,5300.0
Fortaleza,Bruno Salomão,5300.0
Fortaleza,Arthur Portela,5300.0
Fortaleza,Julie Ferreira,5300.0
Belo Horizonte,Gabriel Rocha,5300.0
Belo Horizonte,Gabriel Almeida,5300.0
Belo Horizonte,Iuri Neto,5300.0
Belo Horizonte,Luana Santos,5300.0
Belo Horizonte,Pedro Dalforne,5300.0
Belo Horizonte,Debora Silva,5300.0
Belo Horizonte,Guilherme Rachide,5300.0
Rio de Janeiro,Felipe Jorge,5300.0
Rio de Janeiro,Isabela Rodrigues,5300.0
Rio de Janeiro,Cassio Faria,5300.0
Rio de Janeiro,Guido Monteiro,5300.0
Salvador,Bárbara Cavalcante,5300.0
Salvador,Carlos Azevedo,5300.0
Rio de Janeiro,Bruno Ferreira,5300.0
Salvador,Debora Silva,5300.0
Salvador,Diogo Ressurreição,5300.0
Salvador,Mariana Sousa,5300.0
Rio de Janeiro,Bernardo Souza,5300.0
Salvador,Stephanie Novak,5300.0
Rio de Janeiro,Matheus Delgado,5300.0
Salvador,Larissa Vasconcellos,5300.0
Salvador,Lucas Machado,5300.0
Salvador,Lázaro Villanova,5300.0
Rio de Janeiro,Giulia Pessanha,5300.0
Salvador,Luis Silva,5300.0
Salvador,Hércules Júnior,5300.0
Salvador,Felipe Freitas,5300.0
Rio de Janeiro,Bruno Salomão,5300.0
Salvador,Raphael Rezende,5300.0
Salvador,Silvio Fahrnholz,5300.0
Salvador,Fernanda Bhering,5300.0
São Paulo,Carlos Galvão,5300.0
Curitiba,Bruno Ursulino,5300.0
Curitiba,Karine Barros,5300.0
Curitiba,Renan Freire,5300.0
Curitiba,Thaís Pereira,5300.0
Curitiba,Viviane Cunha,5300.0
Recife,Pedro Bitencourt,5300.0
Fortaleza,Leandro Rodrigues,5300.0
Porto Alegre,Victor Corrêa,5300.0
Fortaleza,Juliana Silva,5300.0
Porto Alegre,Natali Rangel,5300.0
Porto Alegre,Stefan Nunes,5300.0
São Paulo,Pedro Oliveira,5300.0
Fortaleza,Júlio Fraga,5300.0
São Paulo,Raphael Rezende,5300.0
São Paulo,Vinícius Antunes,5300.0
São Paulo,Rafael Ramos,5300.0
Recife,Mateus Maia,5300.0
Fortaleza,Jéssica Netto,5300.0
Fortaleza,Matheus Delgado,5300.0
Fortaleza,Rodrigo Ramos,5300.0
São Paulo,Jonas Gomes,5300.0
São Paulo,Bernardo Nauenberg,5300.0
São Paulo,Clara Bruno,5300.0
Fortaleza,Bruno Souza,5300.0
São Paulo,Larissa Florim,5300.0
São Paulo,Renan Cunha,5300.0
São Paulo,Bruna Franco,5300.0
Fortaleza,Rodrigo Mendes,5300.0
Fortaleza,Rodrigo Souza,5300.0
Fortaleza,Camilla Vieira,5300.0
São Paulo,Tiago Pereira,5300.0
São Paulo,Paloma Sperandei,5300.0
Recife,Maria Cardoso,5300.0
Recife,Raissa Maia,5300.0
Recife,Andressa Nóbrega,5300.0
São Paulo,Ana Soledade,5233.33
Fortaleza,Lucas Neto,5200.0
Salvador,Ana Gonzaga,5150.0
Salvador,João Fonseca,5150.0
Recife,Marina Mesquita,5133.33
Salvador,Lucas Valim,5100.0
Recife,João Menezes,5050.0
Salvador,Rodrigo Souza,5050.0
Fortaleza,Giselia Thiele,5000.0
Rio de Janeiro,Patrick Silva,5000.0
Fortaleza,Jéssica Resinente,5000.0
Fortaleza,Milena Alcoforado,5000.0
Fortaleza,Fernanda Figueiredo,5000.0
Recife,Henrique Oliveira,5000.0
Recife,Jéssica Resinente,5000.0
Recife,Pedro Buraco,5000.0
Recife,Luiz Freire,5000.0
São Paulo,João Silva,5000.0
Fortaleza,Beatriz Silva,5000.0
São Paulo,Michelle Figueiredo,5000.0
São Paulo,Roger Rosa,5000.0
São Paulo,Fabio Ramos,5000.0
São Paulo,Thais Rodrigues,5000.0
São Paulo,Ruan Gonçalves,5000.0
São Paulo,Adriane Gomes,5000.0
São Paulo,Bruna Chein,5000.0
Goiás,Victor Gomes,5000.0
Fortaleza,Izabel Miura,5000.0
Fortaleza,Matheus Santos,5000.0
Fortaleza,Ramon Araujo,5000.0
Fortaleza,Célio Xavier,5000.0
Fortaleza,Laura Araujo,5000.0
Porto Alegre,Lorena Kohn,5000.0
Porto Alegre,Ravena Bhering,5000.0
Porto Alegre,Bruno Silva,5000.0
Porto Alegre,Juan Barbosa,5000.0
Porto Alegre,Thayane Resende,5000.0
Porto Alegre,Fernanda Silva,5000.0
Porto Alegre,Mônica Rotolo,5000.0
Porto Alegre,Beatriz Rocha,5000.0
Porto Alegre,Lucas Valim,5000.0
Rio de Janeiro,Pedro Dalforne,5000.0
Rio de Janeiro,Roberta Pimenta,5000.0
Curitiba,Lucas Lima,5000.0
Rio de Janeiro,Larissa Florim,5000.0
Rio de Janeiro,Sandy Figueiredo,5000.0
Rio de Janeiro,Norman Jimbo,5000.0
Rio de Janeiro,Luiz Freire,5000.0
Rio de Janeiro,Mayara Soares,5000.0
Rio de Janeiro,Fernanda Silva,5000.0
Curitiba,Allan Guedes,5000.0
Curitiba,Fernanda Rubim,5000.0
Curitiba,Luísa Fonseca,5000.0
Curitiba,Luis Silva,5000.0
São Paulo,Bruno Mota,5000.0
Salvador,Julia Teixeira,5000.0
Salvador,Gabriel Assis,5000.0
Rio de Janeiro,Matheus Gomes,5000.0
Salvador,Caio Moraes,5000.0
Salvador,Patrícia Fernandes,5000.0
São Paulo,Gabriel Rubim,5000.0
Salvador,Gabrielle Vasconcelos,5000.0
Salvador,Matheus Moraes,5000.0
Salvador,Eduardo Vargas,5000.0
São Paulo,Carolina Figueiredo,5000.0
Salvador,Carolina Brum,5000.0
Salvador,Cassio Faria,5000.0
Salvador,Pedro Rodrigues,5000.0
Belo Horizonte,Roger Rosa,5000.0
Belo Horizonte,Rachel Restum,5000.0
Belo Horizonte,Thomáz Bôas,5000.0
Belo Horizonte,Ana Miura,5000.0
Belo Horizonte,Daniel Ortiz,5000.0
Rio de Janeiro,Vivianne Rodrigues,5000.0
Belo Horizonte,Raíza Lopes,5000.0
Belo Horizonte,Carolina Alfradique,5000.0
Fortaleza,Breno Britto,5000.0
São Paulo,Beatriz Rocha,5000.0
São Paulo,Lucas Junior,5000.0
Salvador,Bernardo Borges,5000.0
Rio de Janeiro,Lucas Freitas,5000.0
Goiás,Mateus Maia,5000.0
Rio de Janeiro,Livia Corrêa,5000.0
Goiás,Leandro Ferreira,5000.0
Goiás,William Mendonça,5000.0
Goiás,David Assumpção,5000.0
Goiás,Gabriela Mello,5000.0
Fortaleza,Caroline Pinto,5000.0
Fortaleza,Livia Codeceira,4900.0
Salvador,Julia Leite,4900.0
Curitiba,Anna Maia,4900.0
São Paulo,Caio Ferreira,4900.0
Fortaleza,Chan Santos,4900.0
Salvador,Luis Garcia,4800.0
Fortaleza,Erick Soares,4800.0
Belo Horizonte,Amanda Procaci,4800.0
Belo Horizonte,Chan Santos,4800.0
São Paulo,Bianca Ferezin,4800.0
São Paulo,José Fonseca,4800.0
Salvador,Mariana Freire,4800.0
Salvador,Livia Codeceira,4800.0
São Paulo,Laís Oliveira,4800.0
Salvador,Marcelo Rosa,4800.0
Goiás,Julia Figueiredo,4800.0
São Paulo,Débora Lopes,4800.0
São Paulo,Breno Britto,4800.0
Belo Horizonte,Leandro Melo,4800.0
Rio de Janeiro,Guilherme Barbosa,4800.0
Rio de Janeiro,Júlia Almeida,4800.0
Salvador,Diego Barros,4800.0
Salvador,Jeferson Sone,4800.0
Rio de Janeiro,Ruan Gonçalves,4800.0
Belo Horizonte,Deysiane Bach,4800.0
Rio de Janeiro,Luiz Xavier,4800.0
Rio de Janeiro,Luiz Conceição,4800.0
São Paulo,Chan Santos,4800.0
São Paulo,João Júnior,4800.0
Recife,Lucas Valim,4800.0
Goiás,Caio Cardoso,4800.0
Fortaleza,Pedro Santos,4800.0
São Paulo,Ana Felippe,4800.0
São Paulo,José Marques,4800.0
Curitiba,Sandy Ribeiro,4800.0
Curitiba,João Menezes,4800.0
Curitiba,Victor Lira,4800.0
Curitiba,Izabel Miura,4800.0
Fortaleza,Daniel Terra,4800.0
Rio de Janeiro,Gabriel Thoni,4800.0
Rio de Janeiro,Wellington Duarte,4766.67
Recife,Thales Portillo,4750.0
Rio de Janeiro,Guilherme Jordao,4750.0
Curitiba,Jonatas Passos,4733.33
Recife,Eduardo Vargas,4650.0
Fortaleza,Pedro Oliveira,4650.0
Salvador,Joyce Medina,4650.0
Rio de Janeiro,Guilherme Vianna,4550.0
Fortaleza,Ives Teixeira,4550.0
São Paulo,Guilherme Merotto,4533.33
Fortaleza,Cézar Santos,4525.0
Rio de Janeiro,Isabelle Firmino,4450.0
São Paulo,Raphael Guedes,4400.0
São Paulo,Thaís Ribeiro,4400.0
São Paulo,Mariana Freire,4400.0
Rio de Janeiro,Wendela Veloso,4350.0
Rio de Janeiro,Thays Castro,4350.0
São Paulo,Bruna Ramos,4333.33
Fortaleza,Beatriz Cavalcanti,4300.0
Salvador,Pedro Pereira,4250.0
Belo Horizonte,Maria Motta,4250.0
Goiás,Raíssa Oros,4250.0
Salvador,Raissa Maia,4233.33
São Paulo,Isabelle Gonçalves,4200.0
Porto Alegre,Lucas Reis,4200.0
Rio de Janeiro,Carlos Azevedo,4200.0
São Paulo,Alessandra Martins,4200.0
São Paulo,Camila Bastazini,4200.0
Rio de Janeiro,Rafael Ramos,4200.0
Rio de Janeiro,Melissa Nucci,4200.0
Curitiba,Vanessa Bach,4200.0
São Paulo,Vanessa Neves,4200.0
Curitiba,Laura Araujo,4200.0
São Paulo,Fernanda Ferreira,4200.0
Belo Horizonte,Rogério Gentile,4200.0
Belo Horizonte,Julia Aliani,4200.0
Rio de Janeiro,Amanda Procaci,4200.0
Belo Horizonte,Anderson Cavalcanti,4200.0
Curitiba,Paula Isbelle,4200.0
Curitiba,Júlio Freire,4200.0
Fortaleza,Bruna Rosa,4200.0
Belo Horizonte,Carlos Mesquita,4200.0
Rio de Janeiro,Luíza Melo,4200.0
Belo Horizonte,Samara Pinto,4200.0
Goiás,Hygor Essaber,4200.0
Goiás,Miguel Carneiro,4200.0
Rio de Janeiro,Paulo Campos,4200.0
Goiás,Julia Aliani,4200.0
Belo Horizonte,Célio Xavier,4200.0
Rio de Janeiro,Matheus Moraes,4200.0
Goiás,Eduardo Pacheco,4200.0
Rio de Janeiro,João Peçanha,4200.0
Rio de Janeiro,Michelle Miura,4200.0
Rio de Janeiro,Letícia Rodrigues,4200.0
Belo Horizonte,Gabriel Pereira,4200.0
Belo Horizonte,Carlos Souza,4200.0
Salvador,Hygor Essaber,4200.0
Belo Horizonte,Victoria Tavares,4200.0
Fortaleza,Wilson Farias,4200.0
Salvador,Raul Silveira,4200.0
Curitiba,Caroll Johnson,4200.0
Salvador,João Castilho,4200.0
Salvador,Wilson Vianna,4200.0
São Paulo,Vitor Arruda,4200.0
Salvador,Guilherme Jordao,4200.0
Curitiba,Victor Zakhm,4200.0
Goiás,Felipe Paulo,4200.0
Salvador,João Bach,4200.0
Curitiba,Helena Chafin,4200.0
São Paulo,Guilherme Castilho,4200.0
Fortaleza,Thomáz Rodriguez,4200.0
Goiás,Amanda Procaci,4200.0
Fortaleza,Sylvio Bernhardt,4200.0
Porto Alegre,Ian Almeida,4200.0
Fortaleza,Larissa Florim,4200.0
Fortaleza,Carolina Santos,4200.0
Fortaleza,Wen Santos,4200.0
Fortaleza,Brenno Santos,4200.0
Fortaleza,Camila Sobral,4200.0
São Paulo,Jéssica Stefanelli,4200.0
São Paulo,Luana Santana,4200.0
Fortaleza,Gabrielle Figueiredo,4200.0
São Paulo,Hiaiune Valim,4200.0
Porto Alegre,Larissa Cruz,4200.0
Porto Alegre,Carlos Barbosa,4200.0
São Paulo,Henrique Oliveira,4200.0
Fortaleza,Paola Abreu,4200.0
Porto Alegre,Bruna Silva,4200.0
Rio de Janeiro,Isabella Rodrigues,4200.0
Salvador,Ulisses Filho,4200.0
Salvador,Victor Gomes,4200.0
Goiás,Danilo Rubim,4200.0
Curitiba,Victor Franco,4200.0
São Paulo,Gustavo Azevedo,4200.0
São Paulo,Victor Lira,4200.0
Salvador,Luísa Fonseca,4200.0
Salvador,Amanda Gontijo,4200.0
Salvador,Izabel Miura,4200.0
Rio de Janeiro,Marina Delgado,4200.0
Recife,Luis Garcia,4200.0
Recife,Caio Fernandes,4200.0
Recife,Carolina Figueiredo,4200.0
Goiás,Vanessa Rodrigues,4200.0
Recife,Victor Soares,4200.0
Porto Alegre,Eduardo Nunes,4200.0
Recife,Thaís Ribeiro,4200.0
Porto Alegre,Alon Pestana,4200.0
Salvador,Ruan Lopes,4200.0
Recife,Vitor Arruda,4200.0
Recife,Ana Campos,4200.0
Recife,Marcela Medeiros,4200.0
São Paulo,Alexandre Rodriguez,4200.0
Salvador,Myllena Corrêa,4200.0
Porto Alegre,Renan Ventura,4100.0
Rio de Janeiro,Tayla Lima,4100.0
Fortaleza,Gabriel Ribeiro,4100.0
Rio de Janeiro,Milena Pereira,4100.0
Curitiba,João Capitulo,4100.0
São Paulo,Matheus Tostes,3966.67
Curitiba,Renan Nascimento,3900.0
São Paulo,Renan Nucci,3900.0
Fortaleza,Matheus Afonso,3750.0
São Paulo,Philipe Morete,3733.33
Rio de Janeiro,Aline Morais,3700.0
Porto Alegre,Rubens Netto,3700.0
Belo Horizonte,João Tabet,3700.0
Curitiba,Ana Felippe,3650.0
São Paulo,Bernard Pedrosa,3650.0
Salvador,Bianca Procaci,3500.0
Salvador,Antônio Soares,3500.0
São Paulo,Gustavo Gomes,3500.0
Rio de Janeiro,Jéssica Teixeira,3500.0
São Paulo,Thiago Veloso,3500.0
Rio de Janeiro,Patrícia Fernandes,3500.0
Rio de Janeiro,Bruna Gomes,3500.0
São Paulo,Bernardo Borges,3500.0
Rio de Janeiro,Yasser Calbucci,3500.0
São Paulo,Ana Gomes,3500.0
São Paulo,Jônatas Tanaka,3500.0
São Paulo,Eduardo Lopes,3500.0
Recife,Anderson Martins,3500.0
Recife,Pedro Sena,3500.0
Recife,Guilherme Lima,3500.0
Curitiba,Deysiane Medronho,3500.0
Porto Alegre,Ananda Dias,3500.0
Porto Alegre,Vitor Campos,3500.0
Fortaleza,Juliana Correa,3500.0
Fortaleza,Adriana Passos,3500.0
Fortaleza,Gabriel Puntel,3500.0
Belo Horizonte,Paola Abreu,3500.0
Fortaleza,Carolina Siqueira,3500.0
Curitiba,Jéssica Teixeira,3500.0
Belo Horizonte,Caroll Johnson,3500.0
Salvador,Jonas Gomes,3500.0
Belo Horizonte,Camila Sobral,3500.0
Belo Horizonte,Cícero Lima,3500.0
Belo Horizonte,Breno Britto,3500.0
Salvador,Andressa Rotsztejn,3500.0
Salvador,Carolina Rocha,3500.0
Salvador,Rafaela Feio,3500.0
Curitiba,Raissa Pinheiro,3500.0
Curitiba,Caio Moura,3500.0
Rio de Janeiro,Gabrielle Vasconcelos,3500.0
Rio de Janeiro,Camille Silva,3450.0
Recife,Diego Marchesi,3450.0
Recife,Gabriel Garcia,3400.0
Fortaleza,Caio Vianna,3400.0
Recife,Raísa Berto,3400.0
Recife,Wilson Brandão,3400.0
Recife,Caroline Aquino,3400.0
Recife,Gabriel Silva,3400.0
Recife,Daniel Nauenberg,3400.0
São Paulo,Luis Villanova,3400.0
São Paulo,Vivianne Rodrigues,3400.0
Recife,Alexandre Dantas,3400.0
Curitiba,Eduardo Vargas,3400.0
Curitiba,Rodrigo Silva,3400.0
Curitiba,Raphael Kurtz,3400.0
São Paulo,Diego Marchesi,3400.0
São Paulo,Lucas Almeida,3400.0
Goiás,Victor Ferreira,3400.0
Curitiba,Dykson Silva,3400.0
Rio de Janeiro,Camilla Vieira,3400.0
São Paulo,Pedro Martins,3400.0
Rio de Janeiro,Lucas Assunção,3400.0
São Paulo,Patrícia Ferreira,3400.0
Rio de Janeiro,Lucas Chagas,3400.0
São Paulo,João Matheus,3400.0
Belo Horizonte,Júlia Almeida,3400.0
Belo Horizonte,Marcos Nucci,3400.0
Belo Horizonte,José Vieira,3400.0
Belo Horizonte,Vitor Arruda,3400.0
Salvador,Raíza Lopes,3400.0
Salvador,Isabela Chagas,3400.0
Salvador,Helena Chafin,3400.0
Salvador,Andre Nóbrega,3400.0
Fortaleza,João Bach,3400.0
Fortaleza,Marcelo Borges,3400.0
Porto Alegre,Patrick Silva,3400.0
Porto Alegre,Thomáz Bôas,3400.0
Porto Alegre,Raul Junqueira,3400.0
Recife,Raísa Rodrigues,3400.0
Rio de Janeiro,Raphael Kurtz,3350.0
Rio de Janeiro,Priscila Carvalho,3350.0
Rio de Janeiro,Vitor Boccaletti,3350.0
São Paulo,Erick Soares,3350.0
Rio de Janeiro,João Silva,3350.0
Salvador,Bernardo Botelho,3300.0
Belo Horizonte,Carolina Motta,3200.0
São Paulo,Bruna Londero,3200.0
Belo Horizonte,Caroline Delgado,3200.0
Recife,Gabrielle Porto,3200.0
Fortaleza,Leticia Mesquita,3200.0
Fortaleza,Eduardo Lopes,3200.0
Porto Alegre,Priscila Suzano,3200.0
Porto Alegre,Victor Lira,3200.0
Fortaleza,Thiago Nóbrega,3200.0
São Paulo,Diogo Ressurreição,3200.0
São Paulo,Marina Marins,3200.0
Rio de Janeiro,Manuela Ferreira,3200.0
Fortaleza,Breno Varella,3200.0
São Paulo,Andre Sampaio,3200.0
Rio de Janeiro,Philipe Morete,3200.0
Rio de Janeiro,Wen Braga,3200.0
Rio de Janeiro,Sthefeson Pereira,3200.0
Belo Horizonte,Caio Ferreira,3200.0
Rio de Janeiro,Carolina Silva,3200.0
Curitiba,Isabela Resende,3200.0
Recife,Felipe Júnior,3200.0
Curitiba,Thays Castro,3200.0
São Paulo,Pedro Ayres,3200.0
Belo Horizonte,Isabela Rodrigues,3200.0
Salvador,Carlos Silva,3200.0
Goiás,Leonardo Faria,3200.0
Salvador,Amanda Machado,3200.0
Fortaleza,Hércules Júnior,3200.0
São Paulo,Matheus Santos,3200.0
São Paulo,Morgana Correa,3200.0
São Paulo,Breno Quinto,3200.0
São Paulo,Bruna Gomes,3200.0
Fortaleza,Bárbara Cavalcante,3200.0
Fortaleza,Caio Ferreira,3200.0
Belo Horizonte,Gabriel Azevedo,3200.0
Salvador,Julie Ferreira,3150.0
Fortaleza,Gustavo Accardo,3150.0
São Paulo,Luiz Almeida,3133.33
Fortaleza,Mateus Polastri,3133.33
Salvador,Luíza Garcia,3100.0
Salvador,Lívia Marques,3100.0
Rio de Janeiro,Joao Pereira,3100.0
São Paulo,Lucas Freire,3000.0
Salvador,Leandro Ferreira,2950.0
São Paulo,Thales Portillo,2850.0
Salvador,Daniela Andrada,2800.0
Salvador,Giuseppe Bhering,2800.0
Curitiba,Lucas Machado,2800.0
Salvador,Bianca Tatsch,2800.0
Fortaleza,Rafael Wajnsztok,2800.0
Salvador,Bianca Allevato,2800.0
Salvador,Caroll Johnson,2800.0
Belo Horizonte,Natalia Accioly,2800.0
Belo Horizonte,Marcelo Borges,2800.0
Rio de Janeiro,Juliana Goes,2800.0
Goiás,Pedro Costa,2800.0
Rio de Janeiro,Mateus Polastri,2800.0
Rio de Janeiro,Julia Leite,2800.0
Recife,Yasmim Verly,2800.0
Goiás,Pedro Rodrigues,2800.0
Porto Alegre,Caroline Aquino,2800.0
São Paulo,Maria Cardoso,2800.0
São Paulo,Gustavo Accardo,2800.0
Belo Horizonte,Allan Candido,2800.0
Fortaleza,Gabriel Pereira,2800.0
São Paulo,Tainah Nogueira,2800.0
Fortaleza,Guilherme Jordao,2800.0
São Paulo,Lázaro Nascimento,2800.0
São Paulo,Pedro Ferrari,2800.0
Porto Alegre,Bárbara Lima,2500.0
Porto Alegre,Wen Santos,2500.0
Rio de Janeiro,David Assumpção,2500.0
Rio de Janeiro,Caio Fernandes,2500.0
Salvador,Arthur Souza,2500.0
Salvador,João Rodrigues,2500.0
Rio de Janeiro,Gabriel Brito,2500.0
São Paulo,Pedro Xavier,2500.0
Rio de Janeiro,Paula Cavalcanti,2500.0
São Paulo,Pedro Lyra,2500.0
São Paulo,Jeferson Sone,2500.0
São Paulo,Carolina Carneiro,2500.0
Curitiba,Wen Santos,2500.0
Curitiba,Raphael Guedes,2500.0
Rio de Janeiro,Lenon Fernandes,2500.0
Recife,Eduardo Quindeler,2500.0
Goiás,Thomáz Rodriguez,2500.0
Belo Horizonte,Danilo Rubim,2500.0
Belo Horizonte,Pedro Costa,2500.0
Rio de Janeiro,Caio Moraes,2500.0
Rio de Janeiro,Guilherme Merotto,2500.0
Goiás,Marina Correa,2500.0
Belo Horizonte,Katharina Barros,2500.0
Goiás,Letícia Rodrigues,2500.0
Belo Horizonte,Lara Moreira,2500.0
Belo Horizonte,Adrielle Gabriel,2500.0
Goiás,Dykson Silva,2500.0
Porto Alegre,Luiza Cavalcanti,2500.0
Belo Horizonte,Matheus Moraes,2500.0
Belo Horizonte,Caio Moraes,2500.0
Belo Horizonte,Bernardo Ribeiro,2500.0
Curitiba,Juliana Huon,2500.0
Porto Alegre,Caroll Johnson,2500.0
Curitiba,Ravena Bhering,2500.0
Curitiba,Sandy Moreira,2500.0
Curitiba,Alexandre Rodriguez,2500.0
Porto Alegre,Thaís Moura,2500.0
Goiás,Adriane Gomes,2500.0
Recife,Priscila Carvalho,2500.0
Goiás,Eduardo Soares,2500.0
Goiás,Amanda Braga,2500.0
Recife,Lucas Assunção,2500.0
São Paulo,Luíza Melo,2500.0
Goiás,Julie Ferreira,2500.0
Goiás,Daniel Monteiro,2500.0
Recife,Stefan Santos,2500.0
Recife,Carlos Barbosa,2500.0
Fortaleza,Jonatas Passos,2500.0
São Paulo,Cézar Santos,2500.0
Salvador,Rilson Guedes,2500.0
Salvador,Gustavo Guimarães,2500.0
Rio de Janeiro,Arthur Fernandes,2500.0
Curitiba,Bianca Paz,2500.0
Salvador,Adrielle Vieira,2500.0
Salvador,Rogério Pereira,2500.0
Salvador,Daniel Araujo,2500.0
Salvador,Glenda Santos,2500.0
Fortaleza,Lucas Almeida,2500.0
Fortaleza,Luiza Cavalcanti,2500.0
Fortaleza,Diogo Peixoto,2500.0
Fortaleza,Isabelle Firmino,2500.0
Fortaleza,Gabrielle Viríssimo,2500.0
Fortaleza,Guilherme Santos,2500.0
Fortaleza,Marina Miranda,2500.0
Fortaleza,Livia Cozendey,2500.0
Fortaleza,Michelle Miura,2500.0
Porto Alegre,Beatriz Li,2500.0
Fortaleza,Marianna Pestana,2500.0
Fortaleza,Tiago Pereira,2500.0
Porto Alegre,Ulisses Quinto,2500.0
Porto Alegre,Mateus Polastri,2500.0
Porto Alegre,João Júnior,2500.0
Porto Alegre,Katharina Barros,2500.0
Porto Alegre,Victor Oliveira,2500.0
São Paulo,Pedro Delgado,2500.0
Goiás,Isabel Leite,2400.0
Salvador,Bianca Paz,2400.0
Salvador,Daniel Cardoso,2100.0
Salvador,Juliana Goes,2100.0
Salvador,Gabriel Thome,2100.0
Salvador,Maria Gasperi,2100.0
Salvador,Carla Zakhm,2100.0
São Paulo,Milena Alcoforado,2100.0
São Paulo,Lucas Lacerda,2100.0
São Paulo,Mariana Miranda,2100.0
Curitiba,Wen Braga,2100.0
Curitiba,Isabella Rodrigues,2100.0
Porto Alegre,Jéssica Netto,2100.0
Curitiba,Pedro Oliveira,2100.0
Curitiba,Hygor Essaber,2100.0
Curitiba,Cézar Santos,2100.0
Goiás,Diego Rodrigues,2100.0
Goiás,Samara Pinto,2100.0
Goiás,Victor Zakhm,2100.0
Goiás,Raissa Maia,2100.0
Goiás,Adrielle Forte,2100.0
Fortaleza,Adriane Chagas,2100.0
Fortaleza,Clara Silveira,2100.0
Fortaleza,Ana Silva,2100.0
Fortaleza,Ana Almeida,2100.0
Belo Horizonte,Larissa Jesus,2100.0
Recife,Caroline Cavalcanti,2100.0
Belo Horizonte,Anderson Martins,2100.0
Recife,Amanda Braga,2100.0
Belo Horizonte,Danilo Mendonça,2100.0
Salvador,Lucas Araújo,2100.0
Rio de Janeiro,Willian Albino,2100.0
Rio de Janeiro,Eduardo Soares,2100.0
Rio de Janeiro,Luíza Garcia,2100.0
Salvador,Marina Marins,2100.0
Curitiba,Jeferson Costa,2100.0
Rio de Janeiro,Lorena Carvalho,2050.0
São Paulo,Vanessa Bach,1950.0
Curitiba,Matheus Moraes,1850.0
São Paulo,Livia Codeceira,1750.0
Salvador,Pedro Ayres,1600.0
Curitiba,João Matheus,1600.0
Recife,Catarina Teixeira,1600.0
Recife,Rebeca Taylor,1600.0
Recife,Matheus Gomes,1600.0
Recife,Rodrigo Feijo,1600.0
Salvador,Fernanda Junior,1600.0
Salvador,Pedro Sena,1600.0
Salvador,Juliana Souza,1600.0
Rio de Janeiro,Matheus Ramos,1600.0
Salvador,Rafaela Gonçalves,1600.0
Rio de Janeiro,Bianca Procaci,1600.0
Rio de Janeiro,Thainá Binello,1600.0
Rio de Janeiro,Fabio Ramos,1600.0
Fortaleza,Ives Barbosa,1600.0
Fortaleza,Bruna Chein,1600.0
Fortaleza,Júlio Freire,1600.0
Fortaleza,Vitor Arruda,1600.0
Fortaleza,Lorena Carvalho,1600.0
São Paulo,João Pedrazza,1600.0
São Paulo,Isabella Rodrigues,1600.0
São Paulo,Raul Silveira,1600.0
São Paulo,Pedro Conceição,1600.0
São Paulo,Thales Fanara,1600.0
São Paulo,Roberto Nogueira,1600.0
Goiás,Henrique Oliveira,1600.0
Goiás,Rafaela Ferreira,1600.0
Porto Alegre,Pedro Ronfini,1600.0
Porto Alegre,Julia Penteado,1600.0
Porto Alegre,Lenon Fernandes,1600.0
Curitiba,Rilson Dias,1600.0
Porto Alegre,Marina Delgado,1600.0
Salvador,Júlio Fraga,1600.0
Curitiba,Roberto Nogueira,1400.0
Belo Horizonte,Amanda Delgado,1400.0
Curitiba,Sylvio Bernhardt,1400.0
São Paulo,Nathan Morelli,1400.0
Porto Alegre,João Pedrazza,1400.0
São Paulo,Adrielle Gabriel,1400.0
São Paulo,Bárbara Cavalcante,1400.0
São Paulo,Amanda Gontijo,1400.0
Porto Alegre,Leonardo Faria,1400.0
Goiás,Vivianne Rodrigues,1400.0
Goiás,Norman Jimbo,1400.0
São Paulo,Alvaro Kranz,1400.0
São Paulo,Eduardo Silva,1400.0
Porto Alegre,Jonas Gomes,1400.0
Porto Alegre,Pedro Rodrigues,1400.0
Salvador,Luiza Farias,1400.0
Salvador,Letícia Rodrigues,1400.0
Salvador,Paula Calbucci,1400.0
Fortaleza,Antônio Oliveira,1400.0
Fortaleza,Silvio Provenzano,1400.0
Fortaleza,Bruna Silva,1400.0
Fortaleza,Alexandre Rodriguez,1400.0
Fortaleza,Juliana Barreira,1400.0
Rio de Janeiro,Rodrigo Alves,1400.0
Rio de Janeiro,Rafael Guimarães,1400.0
Rio de Janeiro,João Matheus,1400.0
Salvador,Erick Soares,1400.0
Salvador,João Siqueira,1400.0
Salvador,Ruan Gonçalves,1400.0
Salvador,Guilherme Assis,1400.0
Belo Horizonte,Norman Jimbo,1400.0
Belo Horizonte,Daniel Monteiro,1400.0
Belo Horizonte,Myllena Carneiro,1400.0
Curitiba,Guilherme Lima,1400.0